name,ECIndex,fragCpx,fMF,VMcGowan,SLogP,SMR
CN1C(=S)S\\C(=C\\c2cc(C)c(s2)-c2ccc(s2)-c2sc(cc2C)-c2cc3c4nsnc4c(cc3c3nsnc23)-c2cc(C)c(s2)-c2ccc(s2)-c2sc(cc2C)-c2cc3c(-c4ccc(C)s4)c4sc(cc4c(-c4ccc(C)s4)c3s2)-c2cc(C)c(s2)-c2ccc(s2)-c2sc(cc2C)-c2cc3c4nsnc4c(cc3c3nsnc23)-c2cc(C)c(s2)-c2ccc(s2)-c2sc(\\C=C3\\SC(=S)N(C)C3=O)cc2C)C1=O,15794,8202.36,0.6116504854368932,1487.2199999999978,38.720399999999884,642.6080000000011
CN1C(=S)S\\C(=C/c2cc(C)c(s2)-c2ccc(s2)-c2sc(cc2C)-c2cc3c(-c4cc(F)c(C)s4)c4sc(cc4c(-c4cc(F)c(C)s4)c3s2)-c2cc(C)c(s2)-c2ccc(s2)-c2sc(\\C=C3/SC(=S)N(C)C3=O)cc2C)C1=O,4418,2094.2,0.5517241379310345,834.9200000000016,21.734720000000035,353.9220000000006
CSc1ccc(s1)-c1c2cc(sc2c(-c2ccc(SC)s2)c2cc(sc12)-c1cc(C)c(s1)-c1ccc(s1)-c1sc(cc1C)-c1cc2c3nsnc3c(cc2c2nsnc12)-c1cc(C)c(s1)-c1ccc(s1)-c1sc(\\C=C2/SC(=S)N(C)C2=O)cc1C)-c1cc(C)c(s1)-c1ccc(s1)-c1sc(cc1C)-c1cc2c3nsnc3c(cc2c2nsnc12)-c1cc(C)c(s1)-c1ccc(s1)-c1sc(\\C=C2/SC(=S)N(C)C2=O)cc1C,15940,8308.38,0.6057692307692307,1519.9199999999978,39.54735999999987,656.6960000000012
CN1C(=S)S\\C(=C/c2cc(C)c(s2)-c2ccc(s2)-c2sc(cc2C)-c2cc3c(-c4ccc(C)s4)c4sc(cc4c(-c4ccc(C)s4)c3s2)-c2cc(C)c(s2)-c2ccc(s2)-c2sc(\\C=C3/SC(=S)N(C)C3=O)cc2C)C1=O,4336,2044.18,0.5517241379310345,831.4000000000016,21.456520000000037,354.0060000000006
CSc1ccc(s1)-c1c2cc(sc2c(-c2ccc(SC)s2)c2cc(sc12)-c1cc(C)c(s1)-c1ccc(s1)-c1sc(\\C=C2/SC(=S)N(C)C2=O)cc1C)-c1cc(C)c(s1)-c1ccc(s1)-c1sc(\\C=C2/SC(=S)N(C)C2=O)cc1C,4422,2094.2,0.5423728813559322,864.1000000000013,22.283480000000033,368.0940000000006
Cc1ccc(s1)-c1ccc(s1)-c1c(F)c(F)c(-c2ccc([se]2)-c2cc3c(s2)-c2cc4c(cc2C3(C)C)-c2sc(cc2C4(C)C)-c2ccc(s2)-c2c(F)c(F)c(-c3ccc(s3)-c3cc4c(s3)-c3cc5c(cc3C4(C)C)-c3sc(cc3C5(C)C)-c3ccc([se]3)-c3c(F)c(F)c(-c4ccc(s4)-c4ccc(C)s4)c4nsnc34)c3nsnc23)c2nsnc12,12020,6122.27,0.5953757225433526,1191.39,31.110340000000082,496.72100000000074
Cc1ccc(s1)-c1ccc(s1)-c1c(F)c(F)c(-c2ccc(s2)-c2cc3c(s2)-c2cc4c(cc2C3(C)C)-c2sc(cc2C4(C)C)-c2ccc(s2)-c2c(F)c(F)c(-c3ccc(s3)-c3cc4c(s3)-c3cc5c(cc3C4(C)C)-c3sc(cc3C5(C)C)-c3ccc(s3)-c3c(F)c(F)c(-c4ccc(s4)-c4ccc(C)s4)c4nsnc34)c3nsnc23)c2nsnc12,12020,6122.27,0.5953757225433526,1181.5900000000004,33.11934000000005,498.5950000000007
CN1C(=S)S\\C(=C/c2ccc(s2)-c2sc(cc2C)-c2sc(cc2C)-c2cc3c(-c4cc(C)c(C)s4)c4sc(cc4c(-c4cc(C)c(C)s4)c3s2)-c2cc(C)c(s2)-c2cc(C)c(s2)-c2ccc(\\C=C3/SC(=S)N(C)C3=O)s2)C1=O,4410,2094.18,0.5245901639344263,859.5800000000017,22.073360000000037,363.48000000000064
Cc1ccc(s1)-c1ccc(s1)-c1c(F)c(F)c(-c2ccc([se]2)-c2cc3c(s2)-c2cc4c(cc2C3(C)C)-c2sc(cc2C4(C)C)-c2ccc([se]2)-c2c(F)c(F)c(-c3ccc([se]3)-c3cc4c(s3)-c3cc5c(cc3C4(C)C)-c3sc(cc3C5(C)C)-c3ccc([se]3)-c3c(F)c(F)c(-c4ccc(s4)-c4ccc(C)s4)c4nsnc34)c3nn(C)nc23)c2nsnc12,12081,6169.27,0.5819209039548022,1208.9099999999999,28.378340000000073,495.94100000000077
Cc1ccc(s1)-c1ccc(s1)-c1c(F)c(F)c(-c2ccc(s2)-c2cc3c(s2)-c2cc4c(cc2C3(C)C)-c2sc(cc2C4(C)C)-c2ccc(s2)-c2c(F)c(F)c(-c3ccc(s3)-c3ccc(C)s3)c3nsnc23)c2nsnc12,4914,2400.18,0.6,759.5400000000021,21.309840000000033,319.3260000000003
CN1C(=S)S\\C(=C/c2cc(C)c(s2)-c2ccc(s2)-c2sc(cc2C)-c2cc3c(-c4cc5sc(C)cc5s4)c4sc(cc4c(-c4cc5sc(C)cc5s4)c3s2)-c2cc(C)c(s2)-c2ccc(s2)-c2sc(\\C=C3/SC(=S)N(C)C3=O)cc2C)C1=O,4680,2574.2,0.5737704918032787,890.1400000000014,23.88592000000004,384.7720000000006
COc1c2cc(sc2c(OC)c2cc(sc12)-c1sc(\\C=C2/SC(=S)N(C)C2=O)c2sc(C)cc12)-c1sc(\\C=C2/SC(=S)N(C)C2=O)c2sc(C)cc12,1980,948.16,0.5263157894736842,554.2000000000012,12.298439999999985,239.04999999999976
Cc1ccc(s1)-c1ccc(s1)-c1c(F)c(F)c(-c2ccc(s2)-c2cc3c(s2)-c2cc4c(cc2C3(C)C)-c2sc(cc2C4(C)C)-c2ccc(s2)-c2c(F)c(F)c(-c3ccc(s3)-c3ccc(C)s3)c3nsnc23)c2nsnc12,4914,2400.18,0.6,759.5400000000021,21.309840000000033,319.3260000000003
Cc1ccc(s1)-c1ccc(s1)-c1c(F)c(F)c(-c2ccc([se]2)-c2cc3c(s2)-c2cc4c(cc2C3(C)C)-c2sc(cc2C4(C)C)-c2ccc([se]2)-c2c(F)c(F)c(-c3ccc(s3)-c3ccc(C)s3)c3nsnc23)c2nsnc12,4914,2400.18,0.6,769.3400000000019,19.30084000000002,317.4520000000004
CN1C(=S)S\\C(=C\\c2cc(C)c(s2)-c2ccc(s2)-c2sc(cc2C)-c2cc3c(-c4ccc(C)s4)c4sc(cc4c(-c4ccc(C)s4)c3s2)-c2cc3c(-c4ccc(C)s4)c4sc(cc4c(-c4ccc(C)s4)c3s2)-c2cc(C)c(s2)-c2ccc(s2)-c2sc(\\C=C3\\SC(=S)N(C)C3=O)cc2C)C1=O,6974,3789.22,0.5657894736842105,1085.6000000000008,29.626760000000054,466.3080000000008
CN1C(=S)S\\C(=C/c2cc(C)c(s2)-c2ccc(s2)-c2sc(cc2C)-c2cc3c(-c4ccc(C)s4)c4sc(cc4c(-c4ccc(C)s4)c3s2)-c2cc(C)c(s2)-c2ccc(s2)-c2sc(\\C=C3/SC(=S)N(C)C3=O)cc2C)C1=O,4336,2044.18,0.5517241379310345,831.4000000000016,21.456520000000037,354.0060000000006
CN1C(=S)S\\C(=C\\c2cc(C)c(s2)-c2ccc(s2)-c2sc(cc2C)-c2cc3c(-c4ccc(C)s4)c4sc(cc4c(-c4ccc(C)s4)c3s2)-c2cc3c(-c4ccc(C)s4)c4sc(cc4c(-c4ccc(C)s4)c3s2)-c2cc(C)c(s2)-c2ccc(s2)-c2sc(\\C=C3\\SC(=S)N(C)C3=O)cc2C)C1=O,6974,3789.22,0.5657894736842105,1085.6000000000008,29.626760000000054,466.3080000000008
CN1C(=O)S\\C(=C/c2sc(-c3cc4sc5c(-c6ccc(C)s6)c6c(sc7cc(sc67)-c6sc(\\C=C7/SC(=O)N(C)C7=S)c7cc(C)sc67)c(-c6ccc(C)s6)c5c4s3)c3sc(C)cc23)C1=S,2858,1794.18,0.5957446808510638,707.7000000000011,20.056280000000022,313.5900000000005
Cc1cc(\\C=c2/sc(=C(C#N)C#N)n(C)c2=O)sc1-c1cc(C)c(s1)-c1cc(C)c(s1)-c1cc2sc(cc2s1)-c1sc(cc1C)-c1sc(cc1C)-c1sc(\\C=c2/sc(=C(C#N)C#N)n(C)c2=O)cc1C,4282,1411.18,0.4807692307692308,745.3600000000017,12.758039999999971,302.02400000000046
CSc1cc2sc(cc2s1)-c1c2cc(sc2c(-c2cc3sc(SC)cc3s2)c2cc(sc12)-c1cc(C)c(s1)-c1ccc(s1)-c1sc(\\C=C2/SC(=S)N(C)C2=O)cc1C)-c1cc(C)c(s1)-c1ccc(s1)-c1sc(\\C=C2/SC(=S)N(C)C2=O)cc1C,4774,2632.22,0.5645161290322581,922.8400000000008,24.712880000000034,398.86000000000064
COc1c2cc(sc2c(OC)c2cc(sc12)-c1c(F)c(F)c(-c2cc3n(C)c4cc(C)sc4c3s2)c2nsnc12)-c1c(F)c(F)c(-c2cc3n(C)c4cc(C)sc4c3s2)c2nsnc12,3160,1744.2,0.5909090909090909,608.8000000000015,15.519639999999981,262.7819999999999
COc1c2cc(sc2c(C)c2cc(sc12)-c1cc(C)c(s1)-c1ccc(s1)-c1sc(\\C=C2/SC(=S)N(C)C2=O)cc1C)-c1cc(C)c(s1)-c1ccc(s1)-c1sc(\\C=C2/SC(=S)N(C)C2=O)cc1C,3907,1507.17,0.5242718446601942,730.7700000000016,17.699699999999993,309.1950000000006
Cc1ccc(s1)-c1c2ccsc2c(-c2ccc(C)s2)c2cc(sc12)-c1c(F)c(F)c(-c2cc3c(-c4ccc(C)s4)c4sc(cc4c(-c4ccc(C)s4)c3s2)-c2c(F)c(F)c(-c3cc4c(-c5ccc(C)s5)c5sccc5c(-c5ccc(C)s5)c4s3)c3nsnc23)c2nsnc12,5138,3802.22,0.6363636363636364,944.3600000000009,28.430120000000052,410.5620000000005
CN1C(=S)S\\C(=C/c2cc(C)c(s2)-c2ccc(s2)-c2sc(cc2C)-c2cc3c(-c4ccc(C)s4)c4sc(cc4c(-c4ccc(C)s4)c3s2)-c2cc(C)c(s2)-c2ccc(s2)-c2sc(\\C=C3/SC(=S)N(C)C3=O)cc2C)C1=O,4336,2044.18,0.5517241379310345,831.4000000000016,21.456520000000037,354.0060000000006
COC(=O)C(=C\\c1ccc(s1)-c1cc(C)c(s1)-c1cc(C)c(s1)-c1cc2c(-c3ccc(C)s3)c3sc(cc3c(-c3ccc(C)s3)c2s1)-c1sc(cc1C)-c1sc(cc1C)-c1ccc(\\C=C(/C#N)C(=O)OC)s1)\\C#N,4054,1654.16,0.45614035087719296,790.8600000000016,19.954480000000018,323.34600000000046
CN1C(=S)S\\C(=C\\c2ccc(s2)-c2sc(cc2C)-c2sc(cc2C)-c2cc3c(cc4c5sc(cc5c(cc4c3s2)-c2ccc(C)s2)-c2cc(C)c(s2)-c2cc(C)c(s2)-c2ccc(\\C=C3\\SC(=S)N(C)C3=O)s2)-c2ccc(C)s2)C1=O,4726,2329.18,0.5573770491803278,868.3000000000015,22.60972000000004,371.5120000000005
Cc1ccc(s1)-c1ccc(s1)-c1cnc(-c2cc3c(s2)-c2sc(cc2[Si]3(C)C)-c2cc3c(-c4ccc(C)s4)c4sc(cc4c(-c4ccc(C)s4)c3s2)-c2cc3c(s2)-c2sc(cc2[Si]3(C)C)-c2ncc(-c3ccc(s3)-c3ccc(C)s3)c3nsnc23)c2nsnc12,6222,3654.22,0.6119402985074627,958.6600000000012,23.04008000000005,411.19400000000064
CN1C(=S)S\\C(=C/c2cc(C)c(s2)-c2ccc(s2)-c2sc(cc2C)-c2cc3c(-c4ccc(s4)-c4ccc(C)s4)c4sc(cc4c(-c4ccc(s4)-c4ccc(C)s4)c3s2)-c2cc(C)c(s2)-c2ccc(s2)-c2sc(\\C=C3/SC(=S)N(C)C3=O)cc2C)C1=O,4874,2690.2,0.5692307692307692,937.9000000000011,24.91352000000004,400.63200000000063
COC(=O)c1nc2c(-c3ccc(s3)-c3ccc(C)s3)c(F)c(F)c(-c3cc4c(-c5cc(C)c(C)s5)c5sc(cc5c(-c5cc(C)c(C)s5)c4s3)-c3c(F)c(F)c(-c4ccc(s4)-c4ccc(C)s4)c4nc(C(=O)OC)c(nc34)C(=O)OC)c2nc1C(=O)OC,4084,2344.24,0.47692307692307695,862.8600000000015,19.26072000000001,347.7620000000005
Cc1cc(\\C=c2\\sc(=C(C#N)C#N)n(C)c2=O)sc1-c1cc(C)c(s1)-c1cc(C)c(s1)-c1cc(C)c(s1)-c1ccc(s1)-c1sc(cc1C)-c1sc(cc1C)-c1sc(cc1C)-c1sc(\\C=c2\\sc(=C(C#N)C#N)n(C)c2=O)cc1C,5354,1759.19,0.47107438016528924,850.6700000000017,15.617179999999964,342.7410000000005
CN1C(=O)S\\C(=C/c2sc(-c3cc4c(-c5ccc(C)s5)c5sc(cc5c(-c5ccc(C)s5)c4s3)-c3sc(\\C=C4/SC(=O)N(C)C4=S)c4cc(C)sc34)c3sc(C)cc23)C1=S,2252,1360.16,0.5681818181818182,648.9600000000015,17.62688,282.8240000000004
CN1C(=S)S\\C(=C/c2cc(C)c(s2)-c2cc3sc(cc3s2)-c2sc(cc2C)-c2cc3c(-c4cc(C)c(C)s4)c4sc(cc4c(-c4cc(C)c(C)s4)c3s2)-c2cc(C)c(s2)-c2cc3sc(cc3s2)-c2sc(\\C=C3/SC(=S)N(C)C3=O)cc2C)C1=O,5378,2632.2,0.546875,918.3200000000015,24.50276000000004,394.24600000000055
Cc1cc(\\C=c2/sc(=C(C#N)C#N)n(C)c2=O)sc1-c1cc(C)c(s1)-c1cc(C)c(s1)-c1ccc(s1)-c1sc(cc1C)-c1sc(cc1C)-c1sc(\\C=c2/sc(=C(C#N)C#N)n(C)c2=O)cc1C,3840,1203.17,0.46534653465346537,715.9900000000016,11.543339999999981,286.64100000000025
CN1C(=S)S\\C(=C/c2sc(-c3cc4c(C)c5sc(cc5c(C)c4s3)-c3sc(\\C=C4/SC(=S)N(C)C4=O)c4sc(C)cc34)c3cc(C)sc23)C1=O,1930,914.14,0.5405405405405406,542.4600000000013,12.898079999999984,235.41999999999973
CN1c2ccc(cc2Oc2cc(ccc12)-c1ccc(-c2sc(C=C(C#N)C#N)cc2C)c2nsnc12)-c1ccc(-c2sc(C=C(C#N)C#N)cc2C)c2nsnc12,2687,1033.14,0.525,559.6800000000012,11.838559999999982,228.34499999999971
COc1c2cc(sc2c(OC)c2cc(sc12)-c1ccc2N(C)c3ccc(C=C4C(=O)c5ccccc5C4=O)cc3Sc2c1)-c1ccc2N(C)c3ccc(C=C4C(=O)c5ccccc5C4=O)cc3Sc2c1,3964,1894.12,0.5660377358490566,682.7800000000018,14.857399999999968,284.60000000000025
CN1C(=S)S\\C(=C/c2cc(C)c(s2)-c2ccc(s2)-c2sc(-c3sc(-c4sc(-c5ccc(s5)-c5sc(\\C=C6/SC(=S)N(C)C6=O)cc5C)c5cc(C)sc45)c4C(=O)N(C)C(=O)c34)c3sc(C)cc23)C1=O,3515,1708.2,0.56,733.720000000001,16.66997999999998,312.2070000000005
Cc1ccc(s1)-c1ccc(s1)-c1cnc(-c2cc3c(s2)-c2sc(cc2[Si]3(C)C)-c2c(F)cc(-c3cc4c(s3)-c3sc(cc3[Si]4(C)C)-c3cc(F)c(-c4cc5c(s4)-c4sc(cc4[Si]5(C)C)-c4ncc(-c5ccc(s5)-c5ccc(C)s5)c5nsnc45)c4nsnc34)c3nsnc23)c2nsnc12,8248,4459.29,0.6312056737588653,1020.2300000000014,21.084440000000043,435.00200000000063
CN1c2ccc(cc2Sc2cc(ccc12)C([C](c1ccc(cc1)[C](C#N)C#N)c1ccc(cc1)N(c1ccccc1)c1ccccc1)=C(C#N)C#N)C#Cc1ccc(cc1)N(c1ccccc1)c1ccccc1,3588,1468.08,0.543859649122807,736.6200000000014,15.700099999999965,292.90600000000035
CN1C(=S)S\\C(=C/c2cc(C)c(s2)-c2ccc(s2)-c2sc(cc2C)-c2cc3c(-c4ccc(C)s4)c4sc(cc4c(-c4ccc(C)s4)c3s2)-c2cc(C)c(s2)-c2ccc(s2)-c2sc(\\C=C3/SC(=S)N(C)C3=O)cc2C)C1=O,4336,2044.18,0.5517241379310345,831.4000000000016,21.456520000000037,354.0060000000006
Cn1c(-c2ccc(s2)-c2cc3ccc4cccc5ccc(c2)c3c45)c2c(c(-c3ccc(s3)-c3cc(F)c(cc3F)-c3ccc(s3)-c3n(C)c(=O)c4c(-c5ccc(s5)-c5cc6ccc7cccc8ccc(c5)c6c78)n(C)c(=O)c34)n(C)c2=O)c1=O,5918,3028.14,0.5967741935483871,794.3600000000012,16.80639999999998,338.66200000000055
Cc1ccc(s1)-c1ccc(s1)-c1cnc(-c2cc3c(s2)-c2sc(cc2[Si]3(C)C)-c2nc3c(-c4ccc(C)s4)c4sc(nc4c(-c4ccc(C)s4)c3s2)-c2cc3c(s2)-c2sc(cc2[Si]3(C)C)-c2ncc(-c3ccc(s3)-c3ccc(C)s3)c3nsnc23)c2nsnc12,6222,3654.24,0.6212121212121212,950.4400000000011,21.83008000000004,406.78400000000056
COc1c2cc(sc2c(OC)c2cc(sc12)-c1cc(C)c(s1)-c1ccc(s1)-c1sc(\\C=C2/SC(=S)N(C)C2=O)cc1C)-c1cc(C)c(s1)-c1ccc(s1)-c1sc(\\C=C2/SC(=S)N(C)C2=O)cc1C,3944,1528.18,0.5192307692307693,736.6400000000017,17.39987999999999,311.0100000000006
CN1c2ccc(C=C3C(=O)c4ccccc4C3=O)cc2Sc2cc(ccc12)-c1ccc(cc1)N(c1ccccc1)c1ccccc1,1735,739.05,0.581081081081081,459.42000000000155,10.518499999999989,188.26899999999955
COC(=O)C(=C\\c1cc(C)c(s1)-c1ccc(s1)-c1sc(cc1C)-c1cc2c(cc3c4sc(cc4c(cc3c2s1)-c1ccc(C)cc1)-c1cc(C)c(s1)-c1ccc(s1)-c1sc(\\C=C(/C#N)C(=O)OC)cc1C)-c1ccc(C)cc1)\\C#N,4556,1961.14,0.4603174603174603,842.8200000000012,20.984680000000022,345.0980000000008
CN1C(=S)S\\C(=C\\c2cc(C)c(s2)-c2ccc(s2)-c2sc(cc2C)-c2cc(F)c(s2)-c2sc(cc2F)-c2cc(C)c(s2)-c2ccc(s2)-c2sc(\\C=C3\\SC(=S)N(C)C3=O)cc2C)C1=O,3636,1297.18,0.5531914893617021,687.2200000000015,17.021479999999986,288.24600000000044
CN1C(=S)S\\C(=C/c2cc(C)c(s2)-c2ccc(s2)-c2sc(cc2C)-c2cc3c(-c4ccc(C)s4)c4sc(cc4c(-c4ccc(C)s4)c3s2)-c2cc3c(-c4ccc(C)s4)c4sc(cc4c(-c4ccc(C)s4)c3s2)-c2cc3c(-c4ccc(C)s4)c4sc(cc4c(-c4ccc(C)s4)c3s2)-c2cc(C)c(s2)-c2ccc(s2)-c2sc(\\C=C3/SC(=S)N(C)C3=O)cc2C)C1=O,10110,6064.26,0.574468085106383,1339.7999999999993,37.796999999999905,578.610000000001
Cc1ccc(s1)-c1ccc(s1)-c1c(F)c(F)c(-c2ccc(s2)-c2cc3c(s2)-c2cc4c(cc2C3(C)C)-c2sc(cc2C4(C)C)-c2ccc(s2)-c2cnc(s2)-c2n(C)c(=O)c3c(-c4ncc(s4)-c4ccc(s4)-c4cc5c(s4)-c4cc6c(cc4C5(C)C)-c4sc(cc4C6(C)C)-c4ccc(s4)-c4c(F)c(F)c(-c5ccc(s5)-c5ccc(C)s5)c5nsnc45)n(C)c(=O)c23)c2nsnc12,14558,7255.3,0.5833333333333334,1299.9199999999992,32.81584000000006,544.8720000000008
Cc1ccc(s1)-c1ccc(s1)-c1c(F)c(F)c(-c2cc3c(s2)-c2sc(cc2[Si]3(C)C)-c2c(F)c(F)c(-c3ccc(s3)-c3ccc(C)s3)c3nsnc23)c2nsnc12,2650,1297.17,0.620253164556962,571.3300000000013,14.043239999999987,239.75799999999967
Cc1ccc(s1)-c1ccc(s1)-c1c(F)c(F)c(-c2ccc(s2)-c2cc3c(s2)-c2cc4c(cc2C3(C)C)-c2sc(cc2C4(C)C)-c2ccc([se]2)-c2c(F)c(F)c(-c3ccc([se]3)-c3cc4c(s3)-c3cc5c(cc3C4(C)C)-c3sc(cc3C5(C)C)-c3ccc(s3)-c3c(F)c(F)c(-c4ccc(s4)-c4ccc(C)s4)c4nsnc34)c3nsnc23)c2nsnc12,12020,6122.27,0.5953757225433526,1191.39,31.110340000000072,496.72100000000063
CN1\\C(=C\\[C]2C(=O)[C](C2=O)c2c(O)cc(cc2O)N2[C@H]3CCC[C@@H]3c3cc(ccc23)C#N)C(C)(C)c2cc(ccc12)-c1cc2sc3-c4cc5c(cc4C(c3c2s1)(c1ccc(C)cc1)c1ccc(C)cc1)-c1sc2cc(sc2c1C5(c1ccc(C)cc1)c1ccc(C)cc1)-c1ccc2N(C)\\C(=C\\[C]3C(=O)[C](C3=O)c3c(O)cc(cc3O)N3[C@H]4CCC[C@H]4c4cc(ccc34)C#N)C(C)(C)c2c1,11776,7142.18,0.5045045045045045,1326.739999999999,25.595000000000063,534.5132000000015
Cc1ccc(s1)-c1c2cc(sc2c(-c2ccc(C)s2)c2cc(sc12)-c1sc(cc1C)-c1cc(C)c(C=C2C(=O)c3ccccc3C2=O)s1)-c1sc(cc1C)-c1cc(C)c(C=C2C(=O)c3ccccc3C2=O)s1,3696,1944.12,0.5636363636363636,744.6600000000017,19.26272,311.66800000000046
CN1c2ccc(cc2Oc2cc(ccc12)-c1ccc(s1)-c1sc(C=C(C#N)C#N)cc1C)-c1ccc(s1)-c1sc(C=C(C#N)C#N)cc1C,2115,673.1,0.4722222222222222,502.3200000000013,11.95215999999998,202.1529999999997
Cc1cc(\\C=c2\\sc(=C(C#N)C#N)n(C)c2=O)sc1-c1cc(C)c(s1)-c1cc2sc(cc2s1)-c1sc(cc1C)-c1sc(\\C=c2\\sc(=C(C#N)C#N)n(C)c2=O)cc1C,2940,919.16,0.47619047619047616,610.6800000000015,8.684200000000004,245.92399999999958
Cc1ccc(s1)-c1ccc(s1)-c1cnc(-c2cc3c(s2)-c2sc(cc2[Si]3(C)C)-c2ncc(-c3ccc(s3)-c3ccc(C)s3)c3nsnc23)c2nsnc12,2498,1213.15,0.6363636363636364,556.0700000000014,12.27683999999999,235.51599999999965
Cc1cc(C=C2C(=O)c3ccccc3C2=O)sc1-c1ccc(s1)-c1sc(cc1C)-c1cc2c(s1)-c1sc(cc1C21c2cc(ccc2-c2ccc(cc12)C(C)(C)C)C(C)(C)C)-c1cc(C)c(s1)-c1ccc(s1)-c1sc(C=C2C(=O)c3ccccc3C2=O)cc1C,5286,2984.12,0.503448275862069,930.1100000000013,23.277980000000046,380.8800000000008
Cc1ccc(s1)-c1ccc(s1)-c1c(F)c(F)c(-c2ccc(s2)-c2cc3c(s2)-c2cc4c(cc2C3(C)C)-c2sc(cc2C4(C)C)-c2ccc(s2)-c2c(F)c(F)c(-c3ccc(s3)-c3cc4c(s3)-c3cc5c(cc3C4(C)C)-c3sc(cc3C5(C)C)-c3ccc(s3)-c3c(F)c(F)c(-c4ccc(s4)-c4cc5c(s4)-c4cc6c(cc4C5(C)C)-c4sc(cc4C6(C)C)-c4ccc(s4)-c4c(F)c(F)c(-c5ccc(s5)-c5ccc(C)s5)c5nsnc45)c4nsnc34)c3nsnc23)c2nsnc12,22236,11554.36,0.5932203389830508,1603.6399999999949,44.928839999999795,677.8640000000014
Cn1c(=O)c2cccc3c(ccc(c23)c1=O)C#Cc1ccc(C#Cc2ccc(cc2)N(c2ccccc2)c2ccccc2)c2nsnc12,1980,769.07,0.625,466.4800000000014,8.339700000000004,190.87199999999964
COc1cc(-c2ccc(s2)-c2sc(cc2C)-c2sc(\\C=C3\\SC(=S)N(C)C3=O)cc2C)c(OC)cc1-c1ccc(s1)-c1sc(cc1C)-c1sc(\\C=C2\\SC(=S)N(C)C2=O)cc1C,3264,1118.16,0.4897959183673469,677.9000000000016,14.970479999999972,280.24400000000014
Cc1ccc(s1)-c1ccc(s1)-c1cc(F)c(-c2cc3c(s2)-c2sc(cc2[Si]3(C)C)-c2c(F)c(F)c(-c3ccc(s3)-c3ccc(C)s3)c3nsnc23)c2nsnc12,2611,1276.16,0.620253164556962,569.5700000000013,13.904139999999986,239.79999999999967
Cn1c(-c2cccs2)c2c(c(-c3ccc(s3)-c3cc4OC(C)(C)c5cc(sc5-c4s3)-c3ccc(s3)-c3n(C)c(=O)c4c(-c5cccs5)n(C)c(=O)c34)n(C)c2=O)c1=O,2596,1318.15,0.5454545454545454,578.6400000000014,9.816899999999999,235.3099999999996
Cc1ccc(s1)-c1sc(cc1C)-c1sc(cc1C)-c1nnc(nn1)-c1cc(C)c(s1)-c1cc(C)c(s1)-c1cc2c(-c3ccc(C)s3)c3sc(cc3c(-c3ccc(C)s3)c2s1)-c1sc(cc1C)-c1sc(cc1C)-c1nnc(nn1)-c1cc(C)c(s1)-c1cc(C)c(s1)-c1ccc(C)s1,7454,3424.22,0.56,1027.1400000000008,27.053040000000063,427.0400000000008
CN1C(=S)S\\C(=C/c2cc3n(C)c4cc(sc4c3s2)-c2cc3n(C)c4cc(sc4c3s2)-c2cc3n(C)c4cc(\\C=C5/SC(=S)N(C)C5=O)sc4c3s2)C1=O,2595,1234.17,0.5844155844155844,560.470000000001,11.986299999999984,248.3969999999998
Cc1ccc(s1)-c1ccc(s1)-c1cc(F)c(-c2cc3c(s2)-c2cc4c(cc2[Si]3(C)C)-c2sc(cc2[Si]4(C)C)-c2c(F)cc(-c3ccc(s3)-c3ccc(C)s3)c3nsnc23)c2nsnc12,3442,1744.16,0.5833333333333334,670.480000000002,14.568039999999982,282.02800000000025
Cc1ccc(s1)-c1ccc(s1)-c1ccc(s1)-c1cc(F)c(-c2cc3sc4-c5cc6c(cc5C(c4c3s2)(c2ccc(C)cc2)c2ccc(C)cc2)-c2sc3cc(sc3c2C6(c2ccc(C)cc2)c2ccc(C)cc2)-c2c(F)cc(-c3ccc(s3)-c3ccc(s3)-c3ccc(C)s3)c3nsnc23)c2nsnc12,6988,4664.18,0.6153846153846154,1057.8800000000006,28.80832000000005,448.6040000000007
CSc1c2cc(sc2c(SC)c2cc(sc12)-c1cc(C)c(s1)-c1ccc(s1)-c1sc(\\C=C2/SC(=S)N(C)C2=O)cc1C)-c1cc(C)c(s1)-c1ccc(s1)-c1sc(\\C=C2/SC(=S)N(C)C2=O)cc1C,3944,1528.18,0.5192307692307693,757.6000000000017,18.826480000000004,321.46800000000053
COc1c2cc(sc2c(OC)c2cc(sc12)-c1cc(C)c(s1)-c1ccc(s1)-c1sc(\\C=C2/SC(=S)N(C)C2=O)cc1C)-c1cc(C)c(s1)-c1ccc(s1)-c1sc(\\C=C2/SC(=S)N(C)C2=O)cc1C,3944,1528.18,0.5192307692307693,736.6400000000017,17.39987999999999,311.0100000000006
Cc1cc(\\C=c2/sc(=C(C#N)C#N)n(C)c2=O)sc1-c1cc(C)c(s1)-c1cc(C)c(s1)-c1ccc(s1)-c1ccc(s1)-c1sc(cc1C)-c1sc(cc1C)-c1sc(\\C=c2/sc(=C(C#N)C#N)n(C)c2=O)cc1C,4524,1449.18,0.48148148148148145,769.2400000000016,13.27183999999997,309.95400000000046
Cc1ccc(s1)-c1ccc(s1)-c1cnc(-c2cc3c(s2)-c2sc(cc2[Si]3(C)C)-c2ccc(-c3cc4c(s3)-c3sc(cc3[Si]4(C)C)-c3ccc(-c4cc5c(s4)-c4sc(cc4[Si]5(C)C)-c4ncc(-c5ccc(s5)-c5ccc(C)s5)c5nsnc45)c4nsnc34)c3nsnc23)c2nsnc12,8130,4377.27,0.6312056737588653,1016.7100000000014,20.80624000000004,435.08600000000064
Cc1ccc(s1)-c1ccc(s1)-c1ncc(-c2cc3c(-c4cc(C)c(C)s4)c4sc(cc4c(-c4cc(C)c(C)s4)c3s2)-c2cnc(-c3ccc(s3)-c3ccc(C)s3)c3nc(C)c(C)nc23)c2nc(C)c(C)nc12,3364,1944.14,0.5344827586206896,761.4800000000017,19.581600000000012,317.1100000000006
Cc1ccc(s1)-c1ccc(s1)-c1ccc(s1)-c1c(F)c(F)c(-c2cc3c(-c4cc(C)c(C)s4)c4sc(cc4c(-c4cc(C)c(C)s4)c3s2)-c2c(F)c(F)c(-c3ccc(s3)-c3ccc(s3)-c3ccc(C)s3)c3nc(C)c(C)nc23)c2nc(C)c(C)nc12,4830,2690.18,0.5454545454545454,883.2400000000011,24.80500000000006,367.97800000000075
Cc1ccc(s1)-c1ccc(s1)-c1cnc(-c2cc3c(s2)-c2sc(cc2[Si]3(C)C)-c2cc(F)c(-c3cc4c(s3)-c3sc(cc3[Si]4(C)C)-c3ncc(-c4ccc(s4)-c4ccc(C)s4)c4nsnc34)c3nsnc23)c2nsnc12,4951,2581.22,0.6330275229357798,788.1500000000023,16.68063999999999,335.2590000000004
CN1C(=S)S\\C(=C/c2sc(-c3cc4c(-c5ccc(C)s5)c5sc(cc5c(-c5ccc(C)s5)c4s3)-c3sc(\\C=C4/SC(=S)N(C)C4=O)c4cc(C)sc34)c3sc(C)cc23)C1=O,2252,1360.16,0.5681818181818182,648.9600000000015,16.355079999999983,282.04600000000033
CN1C(=S)S\\C(=C\\c2ccc(s2)-c2ccc(s2)-c2n(C)c(=O)c3c(-c4ccc(s4)-c4ccc5c(c4)n(C)c4cc(ccc54)-c4ccc(s4)-c4n(C)c(=O)c5c(-c6ccc(s6)-c6ccc(\\C=C7\\SC(=S)N(C)C7=O)s6)n(C)c(=O)c45)n(C)c(=O)c23)C1=O,6269,2690.23,0.5590551181102362,866.6100000000016,14.163299999999968,362.94700000000046
COc1ccc(s1)-c1c2cc(sc2c(-c2ccc(OC)s2)c2cc(sc12)-c1cc(C)c(s1)-c1ccc(s1)-c1sc(\\C=C2/SC(=S)N(C)C2=O)cc1C)-c1cc(C)c(s1)-c1ccc(s1)-c1sc(\\C=C2/SC(=S)N(C)C2=O)cc1C,4422,2094.2,0.5423728813559322,843.1400000000012,20.856880000000032,357.6360000000006
CN1C(=O)\\C(=C/c2cc(C)c(s2)-c2ccc(s2)-c2sc(cc2C)-c2cc3c(-c4ccc(C)s4)c4sc(cc4c(-c4ccc(C)s4)c3s2)-c2cc(C)c(s2)-c2ccc(s2)-c2sc(\\C=C3/C(=O)N(C)C(=O)C(C#N)=C3C)cc2C)C(C)=C(C#N)C1=O,5070,2244.18,0.5076923076923077,884.6200000000013,20.238680000000016,360.26800000000054
Cc1ccc(s1)-c1ccc(s1)-c1cc(F)c(-c2cc3c(s2)-c2sc(cc2[Ge]3(C)C)-c2c(F)cc(-c3ccc(s3)-c3ccc(C)s3)c3nsnc23)c2nsnc12,2572,1255.15,0.620253164556962,572.0000000000014,13.765039999999985,239.84199999999964
Cc1ccc(s1)-c1ccc(s1)-c1c(F)c(F)c(-c2cc3c(-c4cc(C)c(C)s4)c4sc(cc4c(-c4cc(C)c(C)s4)c3s2)-c2c(F)c(F)c(-c3ccc(s3)-c3ccc(C)s3)c3nc(C)c(C)nc23)c2nc(C)c(C)nc12,3524,2044.16,0.5254237288135594,776.7400000000016,21.348000000000035,321.3520000000006
CN1C(=S)S\\C(=C\\c2ccc(s2)-c2cc3c(s2)-c2cc4n(C)c5cc6-c7sc(cc7C(c6cc5c4cc2C3(c2ccc(C)cc2)c2ccc(C)cc2)(c2ccc(C)cc2)c2ccc(C)cc2)-c2ccc(\\C=C3\\SC(=S)N(C)C3=O)s2)C1=O,3979,2574.13,0.5419847328244275,855.0500000000019,18.533379999999983,358.2330000000005
COC(=O)C(=C\\c1ccc([se]1)-c1cc(C)c(s1)-c1cc(C)c(s1)-c1ccc(s1)-c1ccc(s1)-c1sc(cc1C)-c1sc(cc1C)-c1ccc(\\C=C(/C#N)C(=O)OC)[se]1)\\C#N,3288,949.14,0.43478260869565216,652.9600000000017,13.232239999999972,255.7959999999995
Cc1cc(\\C=c2\\sc(=C(C#N)C#N)n(C)c2=O)sc1-c1cc(C)c(s1)-c1ccc(s1)-c1ccc(s1)-c1sc(cc1C)-c1sc(\\C=c2\\sc(=C(C#N)C#N)n(C)c2=O)cc1C,3142,949.16,0.4772727272727273,634.5600000000017,9.198,253.85399999999953
COc1c2cc(sc2c(OC)c2cc(sc12)-c1ccc2N(C)c3ccc(C=C(C#N)C#N)cc3Sc2c1)-c1ccc2N(C)c3ccc(C=C(C#N)C#N)cc3Sc2c1,2720,1050.12,0.46511627906976744,582.1800000000015,12.793319999999978,236.8459999999996
CN1C(=S)S\\C(=C/c2cc(C)c(s2)-c2cc(C)c(s2)-c2cc(C)c(s2)-c2ccc(s2)-c2sc(cc2C)-c2sc(cc2C)-c2sc(\\C=C3/SC(=S)N(C)C3=O)cc2C)C1=O,3044,1067.15,0.5053763440860215,658.6300000000019,15.63161999999997,274.49100000000004
Cc1ccc(s1)-c1ccc(s1)-c1cnc(-c2cc3c(s2)-c2sc(cc2[Si]3(C)C)-c2c(F)c(F)c(-c3cc4c(s3)-c3sc(cc3[Si]4(C)C)-c3ncc(-c4ccc(s4)-c4ccc(C)s4)c4nsnc34)c3nsnc23)c2nsnc12,4990,2612.23,0.6330275229357798,789.9100000000022,16.81973999999999,335.21700000000044
CN1c2ccc(C=C(C#N)C#N)cc2Sc2cc(ccc12)-c1ccc(cc1)N(c1ccccc1)c1ccccc1,1321,465.05,0.515625,409.12000000000137,9.486459999999996,164.39199999999963
COc1ccc(cc1)N(c1ccc(OC)cc1)c1ccc(cc1)-c1ccc(-c2cc3c(-c4ccc(C)s4)c4sc(cc4c(-c4ccc(C)s4)c3s2)-c2ccc(-c3ccc(cc3)N(c3ccc(OC)cc3)c3ccc(OC)cc3)c3nsnc23)c2nsnc12,5392,2748.16,0.5571428571428572,893.4000000000018,21.841240000000038,372.5720000000008
Cc1ccc(s1)-c1sc(cc1C)-c1nnc(nn1)-c1cc(C)c(s1)-c1cc2c(-c3ccc(C)s3)c3sc(cc3c(-c3ccc(C)s3)c2s1)-c1sc(cc1C)-c1nnc(nn1)-c1cc(C)c(s1)-c1ccc(C)s1,4090,1944.18,0.5818181818181818,757.7800000000011,18.905360000000005,314.8400000000005
Cc1cc(C=C2C(=O)c3ccccc3C2=O)sc1-c1cc2c(s1)-c1sc(cc1C21c2cc(ccc2-c2ccc(cc12)C(C)(C)C)C(C)(C)C)-c1sc(C=C2C(=O)c3ccccc3C2=O)cc1C,2628,1662.08,0.4774774774774775,688.9300000000021,15.74713999999996,278.1539999999998
CC(=C(C#N)C#N)c1ccc(s1)-c1ccc(s1)-c1cc2c(s1)-c1sc(cc1[Si]2(C)C)-c1ccc(s1)-c1ccc(s1)C(C)=C(C#N)C#N,1952,647.11,0.4492753623188406,510.07000000000136,11.167919999999986,205.2739999999997
CC(=O)c1cc2c(sc(-c3ccc(s3)-c3ccc(C)s3)c2s1)-c1cc2c(-c3ccc(C)s3)c3sc(cc3c(-c3ccc(C)s3)c2s1)-c1sc(-c2ccc(s2)-c2ccc(C)s2)c2sc(cc12)C(C)=O,3000,1844.14,0.5686274509803921,730.9800000000016,22.012280000000032,313.43500000000046
Cc1ccc(s1)-c1ccc(s1)-c1ccc([C]2Sc3c4sc5c6S[C](C=c6n(C)c5c4n(C)c3=C2)c2ccc(-c3ccc(s3)-c3ccc(C)s3)c3nsnc23)c2nsnc12,3132,1619.15,0.6470588235294118,602.0700000000015,13.204719999999982,259.4129999999998
N#C[C](C#N)c1ccc(cc1)[C](C(=C(C#N)C#N)c1ccc(C#Cc2cccnc2)c2nsnc12)c1ccc(cc1)N(c1ccccc1)c1ccccc1,1809,738.09,0.5641025641025641,531.7800000000016,9.397499999999997,208.36299999999963
Cc1ccc(s1)-c1ccc(s1)-c1c2cc(sc2c(-c2ccc(s2)-c2ccc(C)s2)c2cc(sc12)-c1ccc(s1)-c1n(C)c(=O)c2c(-c3cccs3)n(C)c(=O)c12)-c1ccc(s1)-c1n(C)c(=O)c2c(-c3cccs3)n(C)c(=O)c12,3518,2458.18,0.5862068965517241,795.5600000000013,17.35963999999998,333.9580000000006
Cc1ccc(s1)-c1ccc(s1)-c1cc(F)c(-c2cc3sc4-c5cc6c(cc5C(c4c3s2)(c2ccc(C)cc2)c2ccc(C)cc2)-c2sc3cc(sc3c2C6(c2ccc(C)cc2)c2ccc(C)cc2)-c2c(F)cc(-c3ccc(s3)-c3ccc(C)s3)c3nsnc23)c2nsnc12,5394,3802.16,0.6056338028169014,951.3800000000012,25.35132000000004,401.9780000000006
Cc1ccc(s1)-c1ccc(s1)-c1n(C)c(=O)c2c(-c3ccc(s3)-c3cc4ccc5cc(cc6ccc(c3)c4c56)-c3ccc(s3)-c3n(C)c(=O)c4c(-c5ccc(s5)-c5ccc(C)s5)n(C)c(=O)c34)n(C)c(=O)c12,4420,2113.14,0.5636363636363636,717.140000000002,14.370639999999964,300.27000000000055
Cc1ccc(s1)-c1c2cc(sc2c(-c2ccc(C)s2)c2cc(sc12)-c1ccc(s1)-c1n(C)c(=O)c2c(-c3ccc(s3)-c3ccc(cc3)C(F)(F)F)n(C)c(=O)c12)-c1ccc(s1)-c1n(C)c(=O)c2c(-c3ccc(s3)-c3ccc(cc3)C(F)(F)F)n(C)c(=O)c12,5590,2748.22,0.546875,849.360000000001,19.274240000000002,348.20800000000065
COC(=O)C(=C/c1cc(C)c(s1)-c1ccc(s1)-c1sc(cc1C)-c1cc2c(s1)-c1sc(cc1[Si]2(C)C)-c1cc(C)c(s1)-c1ccc(s1)-c1sc(\\C=C(/C#N)C(=O)OC)cc1C)\\C#N,3444,1135.15,0.41414141414141414,685.0500000000019,14.377239999999972,274.42
Cc1ccc(s1)-c1ccc(s1)-c1cnc(-c2cc3c(s2)-c2sc(cc2[Si]3(C)C)-c2ccc(-c3cc4c(s3)-c3sc(cc3[Si]4(C)C)-c3ncc(-c4ccc(s4)-c4ccc(C)s4)c4nsnc34)c3nsnc23)c2nsnc12,4912,2550.21,0.6330275229357798,786.3900000000023,16.541539999999987,335.3010000000004
Cc1ccc(s1)-c1ccc(s1)-c1cnc(-c2cc3c(s2)-c2sc(cc2[Si]3(C)C)-c2cnc(-c3cc4c(s3)-c3sc(cc3[Si]4(C)C)-c3ncc(-c4cc5c(s4)-c4sc(cc4[Si]5(C)C)-c4ncc(-c5ccc(s5)-c5ccc(C)s5)c5nsnc45)c4nsnc34)c3nsnc23)c2nsnc12,8130,4377.29,0.6402877697841727,1008.4900000000011,19.596240000000027,430.67600000000056
Cc1ccc(s1)-c1c2cc(sc2c(-c2ccc(C)s2)c2cc(sc12)-c1ccc(s1)-c1n(C)c(=O)c2c(-c3cccs3)n(C)c(=O)c12)-c1ccc(s1)-c1n(C)c(=O)c2c(-c3cccs3)n(C)c(=O)c12,3076,1844.16,0.5686274509803921,689.0600000000018,13.90263999999997,287.33200000000033
Cc1ccc(s1)-c1ccc(s1)-c1cc(F)c(-c2cc3c(-c4ccc(C)s4)c4sc(cc4c(-c4ccc(C)s4)c3s2)-c2c(F)cc(-c3ccc(s3)-c3ccc(C)s3)c3nsnc23)c2nsnc12,3108,1794.16,0.6382978723404256,673.6200000000016,19.342280000000024,288.76800000000037
Cc1ccc(s1)-c1ccc(s1)-c1cnc(-c2cc3c(s2)-c2sc(cc2[Si]3(C)C)-c2cnc(-c3cc4c(s3)-c3sc(cc3[Si]4(C)C)-c3ncc(-c4ccc(s4)-c4ccc(C)s4)c4nsnc34)c3nsnc23)c2nsnc12,4912,2550.22,0.6388888888888888,782.2800000000021,15.936539999999981,333.0960000000004
CC(C)[Si](C#Cc1c2cc(sc2c(C#C[Si](C(C)C)(C(C)C)C(C)C)c2cc(sc12)-c1c(F)cc(-c2ccc(s2)-c2ccc(C)s2)c2nsnc12)-c1c(F)cc(-c2ccc(s2)-c2ccc(C)s2)c2nsnc12)(C(C)C)C(C)C,3496,1738.16,0.36231884057971014,880.8600000000021,22.407440000000047,348.5200000000008
Cc1ccc(s1)-c1c2cc(sc2c(-c2ccc(C)s2)c2cc(sc12)-c1sc(C=C2C(=O)c3ccccc3C2=O)cc1C)-c1sc(C=C2C(=O)c3ccccc3C2=O)cc1C,2460,1360.1,0.5777777777777777,609.9800000000016,15.188879999999966,255.5679999999995
Cn1c(-c2cccs2)c2c(c(-c3ccc(s3)-c3cc4ccc5cc(cc6ccc(c3)c4c56)-c3ccc(s3)-c3n(C)c(=O)c4c(-c5cccs5)n(C)c(=O)c34)n(C)c2=O)c1=O,2924,1501.12,0.5777777777777777,582.4600000000016,10.296799999999992,244.16999999999962
Cc1ccc(s1)-c1c2cc(sc2c(-c2ccc(C)s2)c2cc(sc12)-c1ccc(s1)-c1n(C)c(=O)c2c(-c3ccc(s3)-c3cc4ccccc4o3)n(C)c(=O)c12)-c1ccc(s1)-c1n(C)c(=O)c2c(-c3ccc(s3)-c3cc4ccccc4o3)n(C)c(=O)c12,5370,3094.18,0.59375,848.4000000000009,18.72904,357.7480000000007
Cc1ccc(s1)-c1ccc(s1)-c1c(F)c(F)c(-c2ccc(o2)-c2cc3c(s2)-c2cc4c(cc2C3(C)C)-c2sc(cc2C4(C)C)-c2ccc(o2)-c2c(F)c(F)c(-c3ccc(s3)-c3ccc(C)s3)c3nsnc23)c2nsnc12,4914,2400.18,0.6,738.5800000000021,20.372840000000032,308.1040000000004
Cn1c(-c2ccc(s2)C#Cc2ccc(cc2)-n2c3ccccc3c3ccccc23)c2c(c(-c3ccc(s3)C#Cc3ccc(cc3)-n3c4ccccc4c4ccccc34)n(C)c2=O)c1=O,3590,1593.08,0.6122448979591837,624.9400000000021,11.86979999999998,261.5399999999997
CN1C(=S)S\\C(=C\\c2cc(C)c(s2)-c2ccc(s2)-c2sc(cc2C)-c2ccc(s2)-c2ccc(s2)-c2cc(C)c(s2)-c2ccc(s2)-c2sc(\\C=C3\\SC(=S)N(C)C3=O)cc2C)C1=O,3562,1259.16,0.5531914893617021,683.7000000000015,16.743279999999984,288.3300000000004
CN1C(=O)\\C(=C2\\C(=O)N(C)c3cc(ccc23)-c2ccc(s2)-c2n(C)c(=O)c3c(-c4cccs4)n(C)c(=O)c23)c2ccc(cc12)-c1ccc(s1)-c1n(C)c(=O)c2c(-c3cccs3)n(C)c(=O)c12,3404,1639.16,0.54,638.0400000000017,8.263000000000007,260.5419999999997
Cc1ccc(s1)-c1c2cc(sc2c(-c2ccc(C)s2)c2cc(sc12)-c1ccc(s1)-c1n(C)c(=O)c2c(-c3ccc(s3)-c3ccc(cc3)N(c3ccccc3)c3ccccc3)n(C)c(=O)c12)-c1ccc(s1)-c1n(C)c(=O)c2c(-c3ccc(s3)-c3ccc(cc3)N(c3ccccc3)c3ccccc3)n(C)c(=O)c12,8080,4246.18,0.5783132530120482,1073.7000000000003,24.176240000000053,447.57000000000113
Cc1ccc(s1)-c1ccc(s1)-c1c(F)c(F)c(-c2ccc(s2)-c2cc3c(-c4cc(C)c(C)s4)c4sc(cc4c(-c4cc(C)c(C)s4)c3s2)-c2ccc(s2)-c2c(F)c(F)c(-c3ccc(s3)-c3ccc(C)s3)c3nc(C)c(C)nc23)c2nc(C)c(C)nc12,4926,2690.18,0.5454545454545454,883.2400000000011,24.80500000000006,367.9780000000007
Cc1cc2sc(cc2s1)-c1cc(F)c(-c2cc3sc4-c5cc6c(cc5C(c4c3s2)(c2ccc(C)cc2)c2ccc(C)cc2)-c2sc3cc(sc3c2C6(c2ccc(C)cc2)c2ccc(C)cc2)-c2c(F)cc(-c3cc4sc(C)cc4s3)c3nsnc23)c2nsnc12,4904,3654.16,0.6119402985074627,903.6200000000015,24.32372000000004,386.11800000000045
COC(=O)C(=C\\c1sc(cc1C)-c1ccc(s1)-c1cc(C)c(s1)-c1cc2c(C#C[Si](C(C)C)(C(C)C)C(C)C)c3sc(cc3c(C#C[Si](C(C)C)(C(C)C)C(C)C)c2s1)-c1sc(cc1C)-c1ccc(s1)-c1cc(C)c(\\C=C(/C#N)C(=O)OC)s1)\\C#N,4518,1526.16,0.26582278481012656,998.1000000000022,23.01964000000004,383.09800000000115
COc1ccc(cc1F)-c1c2cc(oc2c(-c2ccc(OC)c(F)c2)c2cc(oc12)-c1ccc(s1)-c1n(C)c(=O)c2c(-c3cccs3)n(C)c(=O)c12)-c1ccc(s1)-c1n(C)c(=O)c2c(-c3cccs3)n(C)c(=O)c12,3288,1994.18,0.5454545454545454,698.4200000000014,12.521199999999979,283.90200000000027
Cn1c(-c2cccs2)c2c(c(-c3ccc(s3)-c3ccc(cc3)-c3n(C)c(=O)c4c(-c5ccc(cc5)-c5ccc(s5)-c5n(C)c(=O)c6c(-c7cccs7)n(C)c(=O)c56)n(C)c(=O)c34)n(C)c2=O)c1=O,3738,1685.16,0.5384615384615384,661.9200000000018,8.465800000000012,266.28799999999984
Cc1ccc(s1)-c1ccc(s1)-c1cnc(-c2cc3c(s2)-c2sc(cc2[Si]3(C)C)-c2ccc(-c3cc4c(s3)-c3sc(cc3[Si]4(C)C)-c3ncc(-c4ccc(s4)-c4ccc(C)s4)c4nsnc34)c3nonc23)c2nsnc12,4912,2550.21,0.6330275229357798,775.9100000000022,16.07303999999998,329.6900000000004
CN1C(=S)S\\C(=C\\c2cc(C)c(s2)-c2ccc(s2)-c2sc(cc2C)-c2sc(-c3cc(C)c(s3)-c3ccc(s3)-c3sc(\\C=C4\\SC(=S)N(C)C4=O)cc3C)c3c2C(=O)c2c(C)sc(C)c2C3=O)C1=O,3432,1528.18,0.5294117647058824,732.3400000000014,16.468519999999973,305.67500000000047
COc1ccc(-c2ccc(s2)-c2n(C)c(=O)c3c(-c4ccc(s4)-c4ccc(OC)c(OC)c4OC)n(C)c(=O)c23)c(OC)c1OC,1574,531.12,0.38461538461538464,464.1800000000014,6.261600000000007,178.2019999999996
Cn1c(-c2cccs2)c2c(c(-c3ccc(s3)C#Cc3ccc(s3)-c3n(C)c(=O)c4c(-c5cccs5)n(C)c(=O)c34)n(C)c2=O)c1=O,1750,739.12,0.5588235294117647,454.44000000000113,5.465200000000006,182.01599999999974
COC(=O)C(=C\\c1cc(C)c(s1)-c1cc(C)c(s1)-c1cc(C)c(s1)-c1cc2cc3sc(cc3cc2s1)-c1sc(cc1C)-c1sc(cc1C)-c1sc(\\C=C(/C#N)C(=O)OC)cc1C)\\C#N,3632,1152.14,0.42,684.3600000000018,16.49747999999997,276.7200000000001
Cn1c(-c2cccs2)c2c(c(-c3ccc(s3)-c3ccc4cc5cc(ccc5cc4c3)-c3ccc(s3)-c3n(C)c(=O)c4c(-c5cccs5)n(C)c(=O)c34)n(C)c2=O)c1=O,2838,1318.12,0.5681818181818182,569.4400000000015,9.7058,235.4779999999996
COC(=O)C(=C\\c1cc(C)c(s1)-c1cc(C)c(s1)-c1cc(C)c(s1)-c1cc2c(-c3ccc(C)s3)c3sc(cc3c(-c3ccc(C)s3)c2s1)-c1sc(cc1C)-c1sc(cc1C)-c1sc(\\C=C(/C#N)C(=O)OC)cc1C)\\C#N,4168,1696.16,0.43333333333333335,819.0400000000016,20.571320000000025,332.8200000000006
Cc1ccc(s1)-c1ccc(s1)-c1c(F)c(F)c(-c2cc3c(s2)-c2cc4c(cc2C3(C)C)-c2sc(cc2C4(C)C)-c2ccc(s2)-c2n(C)c(=O)c3c(-c4ccc(s4)-c4cc5c(s4)-c4cc6c(cc4C5(C)C)-c4sc(cc4C6(C)C)-c4c(F)c(F)c(-c5ccc(s5)-c5ccc(C)s5)c5nsnc45)n(C)c(=O)c23)c2nsnc12,9906,5171.24,0.5542168674698795,1095.1400000000006,27.11184000000006,456.03000000000065
COC(=O)c1ccc(o1)-c1ccc(s1)-c1n(C)c(=O)c2c(-c3ccc(s3)-c3ccc(o3)C(=O)OC)n(C)c(=O)c12,1354,465.12,0.4666666666666667,379.6400000000009,4.969200000000004,146.10099999999977
COc1c2cc(sc2c(OC)c2cc(sc12)-c1ccc(-c2cc3n(C)c4cc(C)sc4c3s2)c2nsnc12)-c1ccc(-c2cc3n(C)c4cc(C)sc4c3s2)c2nsnc12,3000,1644.16,0.5909090909090909,601.7600000000014,14.96323999999998,262.9499999999998
COC(=O)C(=C\\c1cc(C)c(s1)-c1ccc(s1)-c1sc(cc1C)-c1cc2c(-c3ccc(OC)c(F)c3)c3sc(cc3c(-c3ccc(OC)c(F)c3)c2s1)-c1cc(C)c(s1)-c1ccc(s1)-c1sc(\\C=C(/C#N)C(=O)OC)cc1C)\\C#N,4330,1780.18,0.4426229508196721,821.1800000000015,19.51004000000001,331.13800000000055
Cn1c(-c2ccc(s2)-c2ccc3n(C)c4c5c6ccccc6n(C)c5c5c6ccccc6n(C)c5c4c3c2)c2c(c(-c3ccc(s3)-c3ccc4n(C)c5c6c7ccccc7n(C)c6c6c7ccccc7n(C)c6c5c4c3)n(C)c2=O)c1=O,4534,3159.12,0.5454545454545454,788.3600000000016,16.07939999999997,342.7880000000008
Cc1ccc(s1)-c1c2cc(sc2c(-c2ccc(C)s2)c2cc(sc12)-c1ccc(s1)-c1n(C)c(=O)c2c(-c3cccs3)n(C)c(=O)c12)-c1ccc(s1)-c1n(C)c(=O)c2c(-c3cccs3)n(C)c(=O)c12,3076,1844.16,0.5686274509803921,689.0600000000018,13.90263999999997,287.33200000000033
N#CC(C#N)=C(C(=C(C#N)C#N)c1ccc(C#Cc2cccnc2)c2nsnc12)c1ccc(cc1)N(c1ccccc1)c1ccccc1,1584,553.09,0.5588235294117647,471.00000000000125,8.257620000000005,185.04899999999967
CN1C(=O)S\\C(=C/c2cc(C)c(s2)-c2ccc(s2)-c2sc(cc2C)-c2cc3c(-c4ccc(C)s4)c4sc(cc4c(-c4ccc(C)s4)c3s2)-c2cc(C)c(s2)-c2ccc(s2)-c2sc(\\C=C3/SC(=O)N(C)C3=O)cc2C)C1=O,4336,2044.18,0.5517241379310345,810.4400000000015,21.126720000000038,339.60200000000054
Cn1c(-c2ccc(s2)C#Cc2ccc(cc2)N(c2ccccc2)c2ccccc2)c2c(c(-c3ccc(s3)C#Cc3ccc(cc3)N(c3ccccc3)c3ccccc3)n(C)c2=O)c1=O,3474,1297.08,0.5882352941176471,646.6600000000022,12.615199999999975,262.2279999999996
COc1cc(-c2ccc(s2)-c2n(C)c(=O)c3c(-c4ccc(s4)-c4cc5ccc6cccc7ccc(c4)c5c67)n(C)c(=O)c23)c(OC)cc1-c1ccc(s1)-c1n(C)c(=O)c2c(-c3ccc(s3)-c3cc4ccc5cccc6ccc(c3)c4c56)n(C)c(=O)c12,6004,3094.14,0.5606060606060606,830.7600000000008,16.545399999999976,351.8500000000007
COc1c2cc(sc2c(OC)c2cc(sc12)-c1sc(cc1C)-c1sc(cc1C)-c1nnc(nn1)-c1cc(C)c(s1)-c1cc(C)c(s1)-c1ccc(C)s1)-c1sc(cc1C)-c1sc(cc1C)-c1nnc(nn1)-c1cc(C)c(s1)-c1cc(C)c(s1)-c1ccc(C)s1,6942,2748.22,0.5362318840579711,932.3800000000012,22.996400000000044,384.0440000000007
Cn1c(-c2cccs2)c2c(c(-c3ccc(\\C=C\\c4ccc(s4)-c4n(C)c(=O)c5c(-c6cccs6)n(C)c(=O)c45)s3)n(C)c2=O)c1=O,1750,739.12,0.5428571428571428,458.7400000000011,6.2358000000000064,184.96399999999971
Cc1ccc(s1)-c1ccc(s1)-c1c(F)c(F)c(-c2cc3c(s2)-c2cc4c(cc2C3(C)C)-c2sc(cc2C4(C)C)-c2ccc(s2)-c2n(C)c(=O)c3c(-c4ccc(s4)-c4cc5c(s4)-c4cc6c(cc4C5(C)C)-c4sc(cc4C6(C)C)-c4c(F)c(F)c(-c5ccc(s5)-c5ccc(C)s5)c5nsnc45)n(C)c(=O)c23)c2nsnc12,9906,5171.24,0.5542168674698795,1095.1400000000006,27.11184000000006,456.03000000000065
Cc1ccc(s1)-c1ccc(s1)-c1ccc(s1)-c1cc(F)c(-c2ccc3c(c2)n(C)c2c4ccc(cc4n(C)c32)-c2c(F)cc(-c3ccc(s3)-c3ccc(s3)-c3ccc(C)s3)c3nsnc23)c2nsnc12,4382,2059.16,0.6274509803921569,697.7800000000021,18.432640000000006,298.98800000000045
COC(=O)C(=C\\c1cc(C)c(s1)-c1ccc(s1)-c1sc(cc1C)-c1cc2c(-c3ccc(OC)cc3)c3sc(cc3c(-c3ccc(OC)cc3)c2s1)-c1cc(C)c(s1)-c1ccc(s1)-c1sc(\\C=C(/C#N)C(=O)OC)cc1C)\\C#N,4248,1738.16,0.4426229508196721,817.6600000000018,19.231840000000005,331.2220000000006
COc1c2cc(sc2c(OC)c2cc(sc12)-c1sc(cc1C)-c1cc(C)c(C=C2C(=O)c3ccccc3C2=O)s1)-c1sc(cc1C)-c1cc(C)c(C=C2C(=O)c3ccccc3C2=O)s1,3344,1444.12,0.5306122448979592,649.9000000000023,15.206079999999968,268.6719999999998
COc1cc(-c2ccc(s2)-c2cc(F)c(-c3ccc(C)s3)c3nsnc23)c(OC)cc1-c1ccc(s1)-c1cc(F)c(-c2ccc(C)s2)c2nsnc12,2248,948.14,0.5789473684210527,520.1200000000013,12.856239999999982,215.00599999999966
CN1C(=S)S\\C(=C/c2ccc(s2)-c2ccc(s2)-c2ccc(s2)-c2cc3c(s2)-c2cc4c(cc2C3(c2ccc(C)cc2)c2ccc(C)cc2)-c2sc(cc2C4(c2ccc(C)cc2)c2ccc(C)cc2)-c2ccc(s2)-c2ccc(s2)-c2ccc(\\C=C3/SC(=S)N(C)C3=O)s2)C1=O,5762,3358.16,0.5753424657534246,994.0600000000011,23.802480000000035,417.50200000000063
Cc1cc(sc1-c1nc2sc(nc2s1)-c1sc(cc1C)-c1cc(F)c(-c2cc(C)c(s2)-c2nc3sc(nc3s2)-c2sc(cc2C)-c2ccc(cc2)N(c2ccccc2)c2ccccc2)c2nc(-c3ccccc3)c(nc12)-c1ccccc1)-c1ccc(cc1)N(c1ccccc1)c1ccccc1,7533,3824.17,0.6153846153846154,1026.4399999999998,26.99058000000007,431.37800000000135
CC(C)[Si](C#Cc1c2cc(sc2c(C#C[Si](C(C)C)(C(C)C)C(C)C)c2cc(sc12)-c1sc(cc1C)-c1ccc(s1)-c1cc(C)c(\\C=C2\\SC(=O)N(C)C2=O)s1)-c1sc(cc1C)-c1ccc(s1)-c1cc(C)c(\\C=C2/SC(=O)N(C)C2=O)s1)(C(C)C)C(C)C,4784,1948.18,0.3375,1017.6800000000014,24.191880000000058,399.35400000000107
Cc1ccsc1C#Cc1c2ccccc2c(C#Cc2ccc(cc2)C#Cc2ccc(s2)-c2n(C)c(=O)c3c(-c4ccc(s4)C#Cc4ccc(cc4)C#Cc4c5ccccc5c(C#Cc5sccc5C)c5ccccc45)n(C)c(=O)c23)c2ccccc12,6522,2491.08,0.6153846153846154,865.7400000000007,16.627439999999975,357.8020000000007
COC(=O)C(=C\\c1cc(C)c(s1)-c1cc(C)c(s1)-c1cc(C)c(s1)-c1cc2c3cc(C)sc3c3cc(sc3c2s1)-c1sc(cc1C)-c1sc(cc1C)-c1sc(\\C=C(/C#N)C(=O)OC)cc1C)\\C#N,3695,1373.15,0.42452830188679247,727.8200000000016,18.020599999999995,296.84000000000054
CN1C(=S)S\\C(=C/c2cc3c(s2)-c2sc(cc2[Si]3(C)C)-c2cc3c(-c4ccc(C)s4)c4sc(cc4c(-c4ccc(C)s4)c3s2)-c2cc3c(s2)-c2sc(\\C=C4/SC(=S)N(C)C4=O)cc2[Si]3(C)C)C1=O,3246,1844.18,0.5384615384615384,752.3200000000014,15.037839999999974,321.9320000000005
CN1C(=S)S\\C(=C\\c2cc(C)c(s2)-c2ccc(s2)-c2sc(cc2C)-c2cc3c(s2)-c2sc(cc2P3(=O)c2ccccc2)-c2cc(C)c(s2)-c2ccc(s2)-c2sc(\\C=C3\\SC(=S)N(C)C3=O)cc2C)C1=O,3936,1731.18,0.5619047619047619,759.9500000000018,16.69607999999998,321.2805000000005
COC(=O)c1sc2c(sc(-c3cc(C)c(s3)-c3ccc(s3)-c3sc(\\C=C4/SC(=S)N(C)C4=O)cc3C)c2c1F)-c1cc(C)c(s1)-c1ccc(s1)-c1sc(\\C=C2/SC(=S)N(C)C2=O)cc1C,3279,1316.19,0.5208333333333334,697.2000000000014,16.15517999999998,291.69750000000045
Cc1ccc(s1)-c1c2cc(sc2c(-c2ccc(C)s2)c2cc(sc12)-c1ccc(s1)-c1n(C)c(=O)c2c(-c3ccc(s3)-c3ccc(s3)-c3cccs3)n(C)c(=O)c12)-c1ccc(s1)-c1n(C)c(=O)c2c(-c3ccc(s3)-c3ccc(s3)-c3cccs3)n(C)c(=O)c12,5736,3160.2,0.6,902.0600000000009,20.816640000000028,380.58400000000063
CN1C(=O)c2c(sc(-c3cc4n(C)c5cc(sc5c4s3)-c3sc(cc3C)-c3sc(C=C(C#N)C#N)cc3C)c2C1=O)-c1cc2n(C)c3cc(sc3c2s1)-c1sc(cc1C)-c1sc(C=C(C#N)C#N)cc1C,4055,1754.18,0.49019607843137253,727.0600000000013,16.852499999999985,301.6950000000005
COC(=O)C(=C\\c1cc(C)c(s1)-c1cc(C)c(s1)-c1cc(C)c(s1)-c1cc(C)c(s1)-c1cc2c(OC)c3sc(cc3c(OC)c2s1)-c1sc(cc1C)-c1sc(cc1C)-c1sc(cc1C)-c1sc(\\C=C(/C#N)C(=O)OC)cc1C)\\C#N,5280,1780.18,0.40625,858.9600000000014,20.588520000000024,345.92400000000066
CSc1ccc(s1)-c1ccc(s1)-c1cc(F)c(-c2cc3c(-c4ccc(SC)s4)c4sc(cc4c(-c4ccc(SC)s4)c3s2)-c2c(F)cc(-c3ccc(s3)-c3ccc(SC)s3)c3nsnc23)c2nsnc12,3460,1894.2,0.6122448979591837,739.020000000002,20.99620000000003,316.9440000000004
COc1c(OC)c(-c2ccc(s2)-c2ccc(C)s2)c2nsnc2c1[C]1Sc2c3sc4c5S[C](C=c5n(C)c4c3n(C)c2=C1)c1c(OC)c(OC)c(-c2ccc(s2)-c2ccc(C)s2)c2nsnc12,3492,1819.19,0.5445544554455446,681.9100000000019,13.23911999999998,285.6210000000004
Cn1c(-c2ccc(s2)-c2ccc3[nH]ccc3c2)c2c(c(-c3ccc(s3)-c3ccc4[nH]ccc4c3)n(C)c2=O)c1=O,1334,649.08,0.5806451612903226,390.4200000000011,7.172600000000006,162.60339999999977
Cc1cc(C=C2C(=O)c3ccccc3C2=O)sc1-c1cc(C)c(s1)-c1cc(C)c(s1)-c1ccc(s1)-c1sc(cc1C)-c1sc(cc1C)-c1sc(C=C2C(=O)c3ccccc3C2=O)cc1C,3676,1465.11,0.5445544554455446,678.3900000000018,16.894819999999978,278.779
CSc1ccc(cc1)-c1c2cc(sc2c(-c2ccc(SC)cc2)c2cc(sc12)-c1ccc(s1)-c1n(C)c(=O)c2c(-c3cccs3)n(C)c(=O)c12)-c1ccc(s1)-c1n(C)c(=O)c2c(-c3cccs3)n(C)c(=O)c12,3222,1944.16,0.5454545454545454,736.8200000000013,14.606599999999965,305.6660000000005
COc1c2cc(sc2c(OC)c2cc(sc12)-c1sc(cc1C)-c1nnc(nn1)-c1cc(C)c(s1)-c1ccc(C)s1)-c1sc(cc1C)-c1nnc(nn1)-c1cc(C)c(s1)-c1ccc(C)s1,3698,1444.18,0.5510204081632653,663.0200000000017,14.848719999999972,271.8439999999999
Cn1c(-c2ccc(s2)-c2cc(cc(c2)C(C)(C)C)C(C)(C)C)c2c(c(-c3ccc(s3)-c3cc(cc(c3)C(C)(C)C)C(C)(C)C)n(C)c2=O)c1=O,1624,575.06,0.29411764705882354,569.8600000000025,11.399999999999988,213.68999999999932
Cc1cc(sc1-c1cc(C)c(s1)-c1ccc(cc1)C(=C\\c1ccc(cc1)N(c1ccccc1)c1ccccc1)\\C#N)-c1cc(F)c(-c2cc(C)c(s2)-c2cc(C)c(s2)-c2ccc(cc2)C(=C\\c2ccc(cc2)N(c2ccccc2)c2ccccc2)\\C#N)c2nsnc12,7187,2653.12,0.564625850340136,948.8100000000011,24.380040000000054,389.663000000001
COc1c(OC)c(-c2ccc(s2)-c2ccc(cc2)C(=C\\c2ccc(cc2)N(c2ccccc2)c2ccccc2)\\C#N)c2nsnc2c1-c1ccc(s1)-c1ccc(cc1)C(=C/c1ccc(cc1)N(c1ccccc1)c1ccccc1)\\C#N,5458,1984.11,0.5658914728682171,824.1100000000012,19.567460000000004,337.23500000000075
Cc1ccc(s1)-c1ccc(s1)-c1c(F)c(F)c(-c2ccc(s2)-c2cc3c(s2)-c2cc4c(cc2C3(C)C)-c2sc(cc2C4(C)C)-c2ccc(s2)-c2ccc(s2)-c2n(C)c(=O)c3c(-c4ccc(s4)-c4ccc(s4)-c4cc5c(s4)-c4cc6c(cc4C5(C)C)-c4sc(cc4C6(C)C)-c4ccc(s4)-c4c(F)c(F)c(-c5ccc(s5)-c5ccc(C)s5)c5nsnc45)n(C)c(=O)c23)c2nsnc12,14558,7255.28,0.5773195876288659,1308.139999999999,34.025840000000024,549.2820000000008
Cn1c(-c2cccs2)c2c(c(-c3ccc(s3)-c3cc4n(C)c(=O)c5cc6c7sc(cc7n(C)c(=O)c6cc5c4s3)-c3ccc(s3)-c3n(C)c(=O)c4c(-c5cccs5)n(C)c(=O)c34)n(C)c2=O)c1=O,3508,1844.18,0.56,659.8800000000016,9.5326,276.7260000000002
CC(=C(C#N)C#N)c1ccc(s1)-c1ccc(s1)-c1ccc(cc1)N(c1ccc(cc1)-c1ccc(s1)-c1ccc(s1)C(C)=C(C#N)C#N)c1ccc(cc1)-c1ccc(s1)-c1ccc(s1)C(C)=C(C#N)C#N,3324,1254.13,0.47572815533980584,729.4100000000018,17.989379999999993,292.4630000000004
COC(=O)C(=C\\c1ccc(s1)-c1ccc(s1)-c1ccc(s1)-c1cc2c(s1)-c1cc3c(cc1C2(c1ccc(C)cc1)c1ccc(C)cc1)-c1sc(cc1C3(c1ccc(C)cc1)c1ccc(C)cc1)-c1ccc(s1)-c1ccc(s1)-c1ccc(\\C=C(/C#N)C(=O)OC)s1)\\C#N,5472,2864.14,0.5,953.5200000000011,22.300440000000034,386.84200000000055
COC(=O)C(=C\\c1cc(C)c(s1)-c1ccc(s1)-c1sc(cc1C)-c1ccc(s1)-c1n(C)c(=O)c2c(-c3ccc(s3)-c3cc(C)c(s3)-c3ccc(s3)-c3sc(\\C=C(/C#N)C(=O)OC)cc3C)n(C)c(=O)c12)\\C#N,4390,1449.18,0.43636363636363634,748.6600000000013,14.64063999999997,298.05600000000055
CN1c2ccc(cc2Sc2cc(ccc12)C(=C(C#N)C#N)C(=C(C#N)C#N)c1ccc(cc1)N(c1ccccc1)c1ccccc1)C#Cc1ccc(cc1)N(c1ccccc1)c1ccccc1,3251,1203.08,0.5384615384615384,675.8400000000019,14.56021999999997,269.59199999999976
Cc1ccc(s1)-c1ccc(s1)-c1cc(F)c(-c2cc3c(s2)-c2sc(cc2[Si]3(C)C)-c2c(F)cc(-c3ccc(s3)-c3ccc(C)s3)c3nsnc23)c2nsnc12,2572,1255.15,0.620253164556962,567.8100000000013,13.765039999999985,239.84199999999964
CC(C)[Si](C#Cc1c2cc(sc2c(C#C[Si](C(C)C)(C(C)C)C(C)C)c2cc(sc12)-c1sc(cc1C)-c1ccc(s1)-c1cc(C)c(\\C=C2\\SC(=S)N(C)C2=O)s1)-c1sc(cc1C)-c1ccc(s1)-c1cc(C)c(\\C=C2/SC(=S)N(C)C2=O)s1)(C(C)C)C(C)C,4784,1948.18,0.3375,1038.6400000000015,24.52168000000006,413.758000000001
COC(=O)C(=C\\c1cc(C)c(s1)-c1ccc(s1)-c1sc(cc1C)-c1cc2c(cc3c4sc(cc4c(cc3c2s1)-c1ccc(C)s1)-c1cc(C)c(s1)-c1ccc(s1)-c1sc(\\C=C(/C#N)C(=O)OC)cc1C)-c1ccc(C)s1)\\C#N,4460,1915.16,0.4666666666666667,827.7600000000014,21.107680000000027,340.85200000000066
CN1C(=S)S\\C(=C/c2ccc3N(C)c4ccc(cc4Sc3c2)-c2ccc(cc2)N(c2ccccc2)c2ccccc2)C1=O,1522,595.07,0.5571428571428572,449.54000000000144,9.886899999999994,186.1249999999996
Cn1cc([C]2C(=O)[C](C2=O)c2c(O)cc(cc2O)N2[C@@H]3CCC[C@H]3c3c2ccc2ccccc32)c2ccc(F)cc12,1377,664.07,0.5303030303030303,383.7400000000014,6.366780000000006,153.81959999999975
COc1ccc(-c2ccc(s2)-c2n(C)c(=O)c3c(-c4ccc(s4)-c4ccc(OC)cc4OC)n(C)c(=O)c23)c(OC)c1,1422,487.1,0.42857142857142855,424.2600000000014,6.244400000000006,165.0979999999996
Cn1cc([C]2C(=O)[C](C2=O)c2c(O)cc(cc2O)N2[C@@H]3CCC[C@H]3c3c2ccc2ccccc32)c2cc(F)ccc12,1321,664.07,0.5303030303030303,383.7400000000014,6.366780000000006,153.81959999999975
Cc1ccc(s1)-c1c2cc(sc2c(-c2ccc(C)s2)c2cc(sc12)-c1ccc(s1)-c1n(C)c(=O)c2c(-c3ccc(s3)-c3ccc(F)cc3)n(C)c(=O)c12)-c1ccc(s1)-c1n(C)c(=O)c2c(-c3ccc(s3)-c3ccc(F)cc3)n(C)c(=O)c12,4948,2574.18,0.5737704918032787,814.1400000000011,17.51483999999998,338.12000000000063
CN1C(=O)c2c(sc(-c3ccc(s3)-c3cc4c(-c5ccc(C)s5)c5sc(cc5c(-c5ccc(C)s5)c4s3)-c3ccc(s3)-c3sc(-c4cccs4)c4C(=O)N(C)C(=O)c34)c2C1=O)-c1cccs1,2814,1794.16,0.6170212765957447,673.6200000000011,17.012439999999987,286.03400000000033
N#CC(C#N)=C(C(=C(C#N)C#N)c1ccc(C#Cc2c3ccccc3cc3ccccc23)c2nsnc12)c1ccc(cc1)N(c1ccccc1)c1ccccc1,2045,889.08,0.5679012345679012,548.9100000000017,11.169019999999986,222.26599999999956
Cn1c(-c2ccc(s2)-c2ccc(s2)-c2ccc(s2)-c2n(C)c(=O)c3c(-c4ccc(s4)-c4cc5ccccc5s4)n(C)c(=O)c23)c2c(c(-c3ccc(s3)-c3cc4ccccc4s3)n(C)c2=O)c1=O,3838,1819.15,0.5959595959595959,668.4100000000018,13.22429999999998,279.9810000000002
CN1c2ccccc2Oc2cc(\\C=C(\\C#N)c3ccc(cc3)-c3ccc(s3)-c3n(C)c(=O)c4c(-c5ccc(s5)-c5ccc(cc5)C(=C\\c5ccc6N(C)c7ccccc7Oc6c5)\\C#N)n(C)c(=O)c34)ccc12,4598,1777.12,0.5535714285714286,704.400000000002,14.08555999999997,287.9000000000003
COc1c2cc(sc2c(OC)c2cc(sc12)-c1cc2c(s1)-c1sc(\\C=C3/SC(=S)N(C)C3=O)cc1C2(C)C)-c1cc2c(s1)-c1sc(\\C=C3/SC(=S)N(C)C3=O)cc1C2(C)C,2914,1360.16,0.5,636.6000000000016,13.987799999999975,269.6919999999999
Cn1c(-c2cccs2)c2c(c(-c3ccc(s3)C#Cc3ccc(cc3)-n3c4ccccc4c4ccccc34)n(C)c2=O)c1=O,1595,694.07,0.5909090909090909,423.9000000000012,7.372900000000007,174.77899999999968
Cn1c(-c2ccc(s2)-c2ccc(s2)-c2ccc(\\C=C(/C#N)C(=O)NCc3ccccc3)s2)c2c(c(-c3ccc(s3)-c3ccc(s3)-c3ccccc3)n(C)c2=O)c1=O,2984,1033.12,0.5747126436781609,583.2500000000017,10.951879999999989,235.2716999999996
COC(=O)C(=C\\c1cc(C)c(s1)-c1ccc(s1)-c1sc(cc1C)-c1cc2c(OC)c3sc(cc3c(OC)c2s1)-c1cc(C)c(s1)-c1ccc(s1)-c1sc(\\C=C(/C#N)C(=O)OC)cc1C)\\C#N,3678,1186.16,0.4117647058823529,696.1000000000015,15.897839999999967,280.3500000000002
COC(=O)C(=C\\c1cc(C)c(s1)-c1cc(C)c(s1)-c1cc(C)c(s1)-c1cc(C)c(s1)-c1cc2c(OC)c3sc(cc3c(OC)c2s1)-c1sc(cc1C)-c1sc(cc1C)-c1sc(cc1C)-c1sc(\\C=C(/C#N)C(=O)OC)cc1C)\\C#N,5280,1780.18,0.40625,858.9600000000014,20.588520000000024,345.92400000000066
COc1ccc(cc1)N(c1ccc(OC)cc1)c1ccc(cc1)-c1ccc(-c2cc3c(OC)c4sc(cc4c(OC)c3s2)-c2ccc(-c3ccc(cc3)N(c3ccc(OC)cc3)c3ccc(OC)cc3)c3nsnc23)c2nsnc12,4980,2144.16,0.53125,798.6400000000023,17.784599999999987,329.57600000000065
C[Se]c1ccc(s1)-c1c2cc(sc2c(-c2ccc([Se]C)s2)c2cc(sc12)-c1ccc(s1)-c1n(C)c(=O)c2c(-c3cccs3)n(C)c(=O)c12)-c1ccc(s1)-c1n(C)c(=O)c2c(-c3cccs3)n(C)c(=O)c12,3146,1894.18,0.5576923076923077,731.5600000000014,12.040999999999984,300.3620000000005
COC(=O)C(=C\\c1ccc(s1)-c1cc(C)c(s1)-c1cc(C)c(s1)-c1ccc(s1)-c1ccc(s1)-c1sc(cc1C)-c1sc(cc1C)-c1ccc(\\C=C(/C#N)C(=O)OC)s1)\\C#N,3288,949.14,0.43478260869565216,643.1600000000016,15.24123999999997,257.66999999999956
CN(C)c1ccc(\\C=C2/C(=O)c3ccccc3C2=C(C#N)C#N)s1,415,124.05,0.40540540540540543,246.54999999999984,3.8947600000000024,95.54150000000003
COC(=O)C(=C\\c1cc(C)c(s1)-c1cc(C)c(s1)-c1cc(C)c(s1)-c1ccc(s1)-c1sc(cc1C)-c1sc(cc1C)-c1sc(\\C=C(/C#N)C(=O)OC)cc1C)\\C#N,2810,777.13,0.38461538461538464,618.0900000000017,14.12957999999997,243.8309999999995
COc1c2cc(sc2c(OC)c2cc(sc12)-c1ccc(s1)-c1ccc(-c2ccc(C)s2)c2nsnc12)-c1ccc(s1)-c1ccc(-c2ccc(C)s2)c2nsnc12,2734,1276.14,0.6097560975609756,575.3400000000015,15.00743999999998,245.8559999999996
COC(=O)C(=C\\c1ccc(s1)-c1cc(C)c(s1)-c1cc(C)c(s1)-c1cc2c(-c3ccc(OC)cc3)c3sc(cc3c(-c3ccc(OC)cc3)c2s1)-c1sc(cc1C)-c1sc(cc1C)-c1ccc(\\C=C(/C#N)C(=O)OC)s1)\\C#N,4232,1738.16,0.4426229508196721,817.6600000000016,19.231840000000005,331.2220000000005
Cn1c(-c2ccc(s2)-c2cc3ccccc3o2)c2c(c(-c3ccc(s3)-c3cc4ccccc4o3)n(C)c2=O)c1=O,1332,649.08,0.6,382.20000000000095,7.702400000000007,158.4339999999997
Cn1c(-c2cccs2)c2c(c(-c3ccc(s3)-c3ccc4cc(ccc4c3)-c3ccc(s3)-c3n(C)c(=O)c4c(-c5cccs5)n(C)c(=O)c34)n(C)c2=O)c1=O,2446,1107.12,0.5609756097560976,532.5400000000014,8.552600000000007,217.97199999999964
Cn1c(-c2ccc(s2)-c2ccc3c(c2)n(C)c2c4c5ccccc5n(C)c4c4c5ccccc5n(C)c4c32)c2c(c(-c3ccc(s3)-c3ccc4c(c3)n(C)c3c5c6ccccc6n(C)c5c5c6ccccc6n(C)c5c43)n(C)c2=O)c1=O,4580,3159.12,0.5454545454545454,788.3600000000018,16.07939999999997,342.7880000000008
COc1cc2cc(sc2c2c(OC)cc3cc(sc3c12)-c1ccc(s1)-c1n(C)c(=O)c2c(-c3cccs3)n(C)c(=O)c12)-c1ccc(s1)-c1n(C)c(=O)c2c(-c3cccs3)n(C)c(=O)c12,3058,1593.16,0.5416666666666666,631.2000000000018,10.999199999999993,261.84199999999976
Cc1ccc(s1)-c1ccc(s1)-c1cc(F)c(-c2ccc(s2)-c2ccc3-c4sc(cc4C(C)(C)c3c2)-c2c(F)cc(-c3ccc(s3)-c3ccc(C)s3)c3nsnc23)c2nsnc12,3308,1524.14,0.6179775280898876,618.1100000000015,16.93533999999999,260.65599999999966
Cc1cc(\\C=c2\\sc(=C(C#N)C#N)n(C)c2=O)sc1-c1ccc(s1)-c1sc(cc1C)-c1cc2c(s1)-c1sc(cc1C21c2cc(ccc2-c2ccc(cc12)C(C)(C)C)C(C)(C)C)-c1cc(C)c(s1)-c1ccc(s1)-c1sc(\\C=c2\\sc(=C(C#N)C#N)n(C)c2=O)cc1C,5508,2626.18,0.4482758620689655,967.7100000000014,17.926499999999983,388.74200000000053
Cc1cc(sc1C=C(C#N)C#N)-c1sc(cc1C)-c1cc2n(C)c3cc(sc3c2s1)-c1cc(C)c(s1)-c1cc(C)c(C=C(C#N)C#N)s1,1995,660.11,0.43661971830985913,509.57000000000136,12.463299999999979,206.7849999999997
Cn1c(-c2ccc(s2)-c2ccc(s2)-c2ccc(F)s2)c2c(c(-c3ccc(s3)-c3ccc(s3)-c3ccc(F)s3)n(C)c2=O)c1=O,1708,709.12,0.6129032258064516,439.380000000001,10.068199999999992,181.1859999999998
CN1C(=O)c2c(sc(-c3ccc(s3)-c3cc4c(-c5ccc(C)s5)c5sc(cc5c(-c5ccc(C)s5)c4s3)-c3ccc(s3)-c3sc(-c4ccc(s4)-c4ccc(s4)-c4n(C)c(=O)c5c(-c6ccc(s6)-c6ccccc6)n(C)c(=O)c45)c4C(=O)N(C)C(=O)c34)c2C1=O)-c1ccc(s1)-c1ccc(s1)-c1n(C)c(=O)c2c(-c3ccc(s3)-c3ccccc3)n(C)c(=O)c12,10940,5974.28,0.5955056179775281,1219.1799999999994,26.05924000000006,510.93000000000103
Cc1ccc(s1)-c1ccc(s1)-c1ccc(-c2cc3c(s2)-c2cc4c(cc2C3(c2ccc(C)cc2)c2ccc(C)cc2)-c2sc(cc2C4(c2ccc(C)cc2)c2ccc(C)cc2)-c2ccc(-c3ccc(s3)-c3ccc(C)s3)c3nsnc23)c2nsnc12,4460,3094.12,0.5882352941176471,889.1200000000022,22.64372000000004,371.29600000000056
Cc1ccc(s1)-c1ccc(s1)-c1ccc(s1)-c1c(F)c(F)c(-c2ccc(s2)-c2ccc(cc2)N(c2ccc3c(c2)-c2ccccc2C3(C)C)c2ccc3-c4ccccc4C(C)(C)c3c2)c2nsnc12,3565,1869.1,0.5636363636363636,700.1000000000024,18.94132,290.5670000000002
Cc1ccc(s1)-c1c2cc(sc2c(-c2ccc(C)s2)c2cc(sc12)-c1c(F)c(F)c(-c2cc3n(C)c4cc(C)sc4c3s2)c2nsnc12)-c1c(F)c(F)c(-c2cc3n(C)c4cc(C)sc4c3s2)c2nsnc12,3492,2284.2,0.62,703.5600000000018,19.57628000000003,305.7780000000004
Cc1c(F)cc(cc1F)-c1c2cc(sc2c(-c2cc(F)c(C)c(F)c2)c2cc(sc12)-c1ccc(s1)-c1n(C)c(=O)c2c(-c3cccs3)n(C)c(=O)c12)-c1ccc(s1)-c1n(C)c(=O)c2c(-c3cccs3)n(C)c(=O)c12,3280,1994.18,0.5555555555555556,711.1600000000013,14.336039999999969,291.4100000000005
Cc1ccc(s1)-c1ccc(s1)-c1c(F)c(F)c(-c2ccc(s2)-c2cc3c(s2)-c2cc4c(cc2C3(C)C)-c2sc(cc2C4(C)C)-c2ccc(s2)-c2c(F)c(F)c(-c3ccc(s3)-c3ccc(C)s3)c3nsnc23)c2nsnc12,4914,2400.18,0.6,759.5400000000021,21.309840000000033,319.3260000000003
Cn1c(-c2ccc(s2)-c2ccc3-c4ccccc4C(=O)c3c2)c2c(c(-c3ccc(s3)-c3ccc4-c5ccccc5C(=O)c4c3)n(C)c2=O)c1=O,2048,1031.08,0.5945945945945946,475.5800000000013,8.632800000000005,196.62699999999967
Cc1ccc(s1)-c1ccc(s1)-c1c(F)c(F)c(-c2cc3sc4-c5cc6c(cc5C(c4c3s2)(c2ccc(C)cc2)c2ccc(C)cc2)-c2sc3cc(sc3c2C6(c2ccc(C)cc2)c2ccc(C)cc2)-c2c(F)c(F)c(-c3ccc(s3)-c3ccc(C)s3)c3nsnc23)c2nsnc12,5500,3876.18,0.6056338028169014,954.900000000001,25.62952000000004,401.8940000000005
COc1cc(ccc1N(c1ccc(cc1OC)-c1ccc(s1)-c1ccc(s1)C(C)=C(C#N)C#N)c1ccc(cc1OC)-c1ccc(s1)-c1ccc(s1)C(C)=C(C#N)C#N)-c1ccc(s1)-c1ccc(s1)C(C)=C(C#N)C#N,3528,1356.16,0.4260869565217391,789.2900000000017,18.01517999999999,312.11900000000054
CN1C(=S)S\\C(=C/c2ccc(s2)-c2ccc(s2)-c2cc3c(s2)-c2cc4c(cc2C3(c2ccc(C)cc2)c2ccc(C)cc2)-c2sc(cc2C4(c2ccc(C)cc2)c2ccc(C)cc2)-c2ccc(s2)-c2ccc(\\C=C3/SC(=S)N(C)C3=O)s2)C1=O,4312,2632.14,0.5606060606060606,887.5600000000018,20.345480000000016,370.87600000000054
Cn1cc([C]2C(=O)[C](C2=O)c2c(O)cc(cc2O)N2[C@@H]3CCC[C@H]3c3c2ccc2ccccc32)c2ccccc12,1286,649.06,0.5303030303030303,381.9800000000014,6.2276800000000065,153.86159999999973
COC(=O)C(=C\\c1ccc(s1)-c1ccc(s1)-c1ccc(s1)-c1cc2c(-c3ccc(C)s3)c3sc(cc3c(-c3ccc(C)s3)c2s1)-c1ccc(s1)-c1ccc(s1)-c1ccc(\\C=C(/C#N)C(=O)OC)s1)\\C#N,3862,1570.16,0.5098039215686274,734.5000000000017,18.720800000000008,304.39800000000037
COc1c2cc(sc2c(OC)c2cc(sc12)-c1sc(C=C2C(=O)c3ccccc3C2=O)cc1C)-c1sc(C=C2C(=O)c3ccccc3C2=O)cc1C,2168,948.1,0.5384615384615384,515.2200000000015,11.132239999999987,212.5719999999996
Cc1cc(sc1-c1ccc(cc1)C(=C\\c1ccc(cc1)N(c1ccccc1)c1ccccc1)\\C#N)-c1cc(F)c(-c2cc(C)c(s2)-c2ccc(cc2)C(=C\\c2ccc(cc2)N(c2ccccc2)c2ccccc2)\\C#N)c2nsnc12,5429,1961.1,0.5748031496062992,814.1300000000017,20.306200000000015,333.56300000000056
Cc1cc(sc1-c1cc(C)c(s1)-c1ccc(cc1)C(=C\\c1ccc(cc1)N(c1ccccc1)c1ccccc1)\\C#N)-c1ccc(-c2cc(C)c(s2)-c2cc(C)c(s2)-c2ccc(cc2)C(=C\\c2ccc(cc2)N(c2ccccc2)c2ccccc2)\\C#N)c2nsnc12,7140,2626.11,0.564625850340136,947.0500000000011,24.240940000000055,389.705000000001
COc1c2cc(\\C=C3/SC(=S)N(C)C3=O)sc2c(OC)c2cc(sc12)-c1cc2c(OC)c3sc(cc3c(OC)c2s1)-c1cc2c(OC)c3sc(\\C=C4/SC(=S)N(C)C4=O)cc3c(OC)c2s1,3384,1486.2,0.4897959183673469,679.6600000000016,14.022399999999976,290.7960000000005
COc1c2cc(sc2c(OC)c2cc(sc12)-c1c(F)cc(-c2ccc(s2)-c2ccc(C)s2)c2nsnc12)-c1c(F)cc(-c2ccc(s2)-c2ccc(C)s2)c2nsnc12,2776,1318.16,0.6097560975609756,578.8600000000013,15.28563999999998,245.77199999999965
COc1cc(-c2ccc(s2)-c2sc(cc2C)-c2sc(\\C=C(/C#N)C(C)=O)cc2C)c(OC)cc1-c1ccc(s1)-c1sc(cc1C)-c1sc(\\C=C(/C#N)C(C)=O)cc1C,2772,790.12,0.3829787234042553,625.6200000000017,14.300439999999972,246.91399999999953
COc1ccc(cc1)C1(c2cc(sc2-c2cc3c(cc12)-c1sc(cc1C3(c1ccc(OC)cc1)c1ccc(OC)cc1)-c1ccc(-c2ccc(s2)-c2ccc(C)s2)c2nsnc12)-c1ccc(-c2ccc(s2)-c2ccc(C)s2)c2nsnc12)c1ccc(OC)cc1,4640,3226.16,0.5714285714285714,912.600000000001,21.444440000000036,378.5560000000008
CN1C(=O)N(C)C(=O)C(=Cc2cc(C)c(s2)-c2cc(C)c(s2)-c2cc(C)c(s2)-c2ccc(s2)-c2sc(cc2C)-c2sc(cc2C)-c2sc(C=C3C(=O)N(C)C(=O)N(C)C3=O)cc2C)C1=O,3546,1169.17,0.4666666666666667,684.4300000000019,12.837219999999972,270.4449999999998
Cc1ccc(cc1)-c1c2cc(sc2c(-c2ccc(C)cc2)c2cc(sc12)-c1ccc(s1)-c1n(C)c(=O)c2c(-c3cccs3)n(C)c(=O)c12)-c1ccc(s1)-c1n(C)c(=O)c2c(-c3cccs3)n(C)c(=O)c12,3148,1894.14,0.5555555555555556,704.1200000000018,13.779639999999972,291.57800000000043
Cc1ccc(s1)-c1ccc(s1)-c1ccc(s1)-c1ccc(-c2ccc3c(c2)n(C)c2c4ccc(cc4n(C)c32)-c2ccc(-c3ccc(s3)-c3ccc(s3)-c3ccc(C)s3)c3nsnc23)c2nsnc12,4284,2005.14,0.6274509803921569,694.2600000000022,18.15444,299.07200000000046
CN1C(=S)S\\C(=C/c2cc(C)c(s2)-c2cc(C)c(s2)-c2ccc(s2)-c2sc(cc2C)-c2sc(\\C=C3/SC(=S)N(C)C3=O)cc2C)C1=O,1934,647.13,0.5068493150684932,523.9500000000012,11.557779999999982,218.39099999999968
Cc1cc(C=C2C(=O)c3ccccc3C2=O)sc1-c1cc(C)c(s1)-c1ccc(s1)-c1sc(cc1C)-c1sc(C=C2C(=O)c3ccccc3C2=O)cc1C,2442,965.09,0.5555555555555556,543.7100000000016,12.820979999999976,222.67899999999955
Cc1ccc(s1)-c1ccc(s1)-c1c(F)c(F)c(-c2ccc(s2)-c2cc3c(-c4ccc(C)s4)c4sc(cc4c(-c4ccc(C)s4)c3s2)-c2ccc(s2)-c2c(F)c(F)c(-c3ccc(s3)-c3ccc(C)s3)c3nsnc23)c2nsnc12,4508,2458.2,0.6481481481481481,783.6400000000017,23.077480000000037,335.3100000000003
Cn1c(-c2cccs2)c2c(c(-c3ccc(s3)C#Cc3ccc(cc3)N(c3ccccc3)c3ccccc3)n(C)c2=O)c1=O,1559,595.07,0.5735294117647058,434.7600000000013,7.7456000000000085,175.12299999999962
CC(=C(C#N)C#N)c1ccc(s1)-c1ccc(s1)-c1ccc(s1)-c1ccc(cc1)N(c1ccc(cc1)-c1ccc(s1)-c1ccc(s1)-c1ccc(s1)C(C)=C(C#N)C#N)c1ccc(cc1)-c1ccc(s1)-c1ccc(s1)-c1ccc(s1)C(C)=C(C#N)C#N,4959,2076.16,0.5161290322580645,889.160000000001,23.174880000000034,362.4020000000005
COC(=O)C(=C/c1ccc(s1)-c1ccc(-c2ccc(s2)-c2ccc3c(c2)n(C(C)C)c2cc(ccc32)-c2ccc(s2)-c2ccc(-c3ccc(\\C=C(/C#N)C(=O)OC)s3)c3nsnc23)c2nsnc12)\\C#N,4227,1570.17,0.49514563106796117,700.6100000000017,14.792759999999973,287.1110000000004
Cc1ccc(s1)-c1c2cc(sc2c(-c2ccc(C)s2)c2cc(sc12)-c1c(F)cc(-c2ccc(cc2)N(c2ccc(C)cc2)c2ccc(C)cc2)c2nsnc12)-c1c(F)cc(-c2ccc(cc2)N(c2ccc(C)cc2)c2ccc(C)cc2)c2nsnc12,5002,2690.14,0.5735294117647058,873.4400000000013,23.31872000000004,365.22800000000086
COc1ccc(s1)-c1c2cc(sc2c(-c2ccc(OC)s2)c2cc(sc12)-c1ccc(s1)-c1n(C)c(=O)c2c(-c3cccs3)n(C)c(=O)c12)-c1ccc(s1)-c1n(C)c(=O)c2c(-c3cccs3)n(C)c(=O)c12,3146,1894.18,0.5576923076923077,700.8000000000017,13.302999999999974,290.9620000000005
Cc1csc(c1)-c1sc(cc1C)-c1sc(cc1C)-c1sc(cc1C)-c1c(F)c(F)c(-c2cc(C)c(s2)-c2cc(C)c(s2)-c2cc(C)c(s2)-c2cc(C)cs2)c2nsnc12,2908,1202.13,0.5268817204301075,635.0300000000017,18.264860000000006,261.73099999999965
C[Se]c1ccc(cc1)-c1c2cc(sc2c(-c2ccc([Se]C)cc2)c2cc(sc12)-c1ccc(s1)-c1n(C)c(=O)c2c(-c3cccs3)n(C)c(=O)c12)-c1ccc(s1)-c1n(C)c(=O)c2c(-c3cccs3)n(C)c(=O)c12,3222,1944.16,0.5454545454545454,746.6200000000015,11.917999999999989,304.6080000000005
Cc1ccc(s1)-c1ccc(s1)-c1ccc(s1)-c1cc(F)c(-c2ccc(s2)-c2ccc(cc2)N(c2ccc3c(c2)-c2ccccc2C3(C)C)c2ccc3-c4ccccc4C(C)(C)c3c2)c2nsnc12,3530,1844.09,0.5636363636363636,698.3400000000024,18.80222,290.6090000000002
Cn1c(-c2ccc(s2)-c2cc3ccc4cccc5ccc(c2)c3c45)c2c(c(-c3ccc(s3)-c3cc4ccc5cccc6ccc(c3)c4c56)n(C)c2=O)c1=O,2440,1363.06,0.6097560975609756,518.0600000000018,12.004799999999983,226.29799999999966
C[Si]1(C)c2cc(sc2-c2sc(cc12)-c1ccc(C#N)c2nsnc12)-c1ccc(C#N)c2nsnc12,1026,491.11,0.6170212765957447,354.0500000000006,5.699360000000004,146.62999999999985
COc1ccc(cc1)-c1c2cc(sc2c(-c2ccc(OC)cc2)c2cc(sc12)-c1ccc(s1)-c1n(C)c(=O)c2c(-c3cccs3)n(C)c(=O)c12)-c1ccc(s1)-c1n(C)c(=O)c2c(-c3cccs3)n(C)c(=O)c12,3222,1944.16,0.5454545454545454,715.8600000000015,13.179999999999977,295.20800000000054
Cc1ccc(s1)-c1ccc(s1)-c1ccc(s1)-c1ccc(-c2ccc(s2)-c2ccc(cc2)N(c2ccc3c(c2)-c2ccccc2C3(C)C)c2ccc3-c4ccccc4C(C)(C)c3c2)c2nsnc12,3497,1819.08,0.5636363636363636,696.5800000000027,18.663119999999996,290.6510000000001
Cc1cc(sc1-c1ccc(cc1)C(=C/c1ccc(cc1)N(c1ccccc1)c1ccccc1)\\C#N)-c1ccc(-c2cc(C)c(s2)-c2ccc(cc2)C(=C\\c2ccc(cc2)N(c2ccccc2)c2ccccc2)\\C#N)c2nsnc12,5388,1938.09,0.5748031496062992,812.3700000000019,20.167100000000012,333.6050000000006
Cc1ccc(s1)-c1c2cc(sc2c(-c2ccc(C)s2)c2cc(sc12)-c1ccc(-c2ccc(cc2)N(c2ccc(C)cc2)c2ccc(C)cc2)c2nsnc12)-c1ccc(-c2ccc(cc2)N(c2ccc(C)cc2)c2ccc(C)cc2)c2nsnc12,4912,2632.12,0.5735294117647058,869.9200000000013,23.04052000000004,365.3120000000008
Cc1ccc(s1)-c1c2cc(sc2c(-c2ccc(C)s2)c2cc(sc12)-c1ccc(-c2ccc(s2)-c2cccs2)c2nsnc12)-c1ccc(-c2ccc(s2)-c2cccs2)c2nsnc12,2772,1694.14,0.6818181818181818,641.9200000000014,18.44724000000001,279.3780000000002
Cc1ccc(s1)-c1ccc(cc1)-c1n(C)c(=O)c2c(-c3ccc(cc3)-c3ccc(C)s3)n(C)c(=O)c12,1126,421.06,0.5,372.60000000000116,6.826840000000008,148.36399999999975
Cc1c(C)c(sc1-c1ccc(C=C(C#N)C#N)s1)-c1ccc(s1)-c1sc(c(C)c1C)-c1ccc(C=C(C#N)C#N)s1,1466,385.09,0.4098360655737705,443.11000000000115,10.75689999999999,174.92499999999973
COc1c(OC)c(-c2ccc(s2)-c2ccc(\\C=C/c3ccc(cc3)N(c3ccccc3)c3ccccc3)cc2)c2nsnc2c1-c1ccc(s1)-c1ccc(\\C=C\\c2ccc(cc2)N(c2ccccc2)c2ccccc2)cc1,5218,1892.09,0.5748031496062992,793.1700000000014,19.779900000000005,328.1230000000008
COC(=O)C(=C\\c1cc(C)c(s1)-c1cc(C)c(s1)-c1cc(C)c(s1)-c1cc2c(OC)c3sc(cc3c(OC)c2s1)-c1sc(cc1C)-c1sc(cc1C)-c1sc(\\C=C(/C#N)C(=O)OC)cc1C)\\C#N,3776,1220.16,0.3888888888888889,724.2800000000017,16.51467999999997,289.82400000000035
CN1C(=S)S\\C(=C\\c2cc(C)c(s2)-c2ccc(s2)-c2sc(cc2C)-c2cc3c(s2)-c2sc(cc2C32c3cc(ccc3-c3ccc(cc23)C(C)(C)C)C(C)(C)C)-c2cc(C)c(s2)-c2ccc(s2)-c2sc(\\C=C3\\SC(=S)N(C)C3=O)cc2C)C1=O,4548,2410.16,0.4744525547445255,910.3500000000023,22.014780000000037,376.59200000000067
COC(=O)C(=C\\c1cc(C)c(s1)-c1cc(C)c(s1)-c1ccc(s1)-c1sc(cc1C)-c1sc(\\C=C(/C#N)C(=O)OC)cc1C)\\C#N,1748,421.11,0.352112676056338,483.4100000000014,10.055739999999995,187.73099999999965
CN1C(=S)S\\C(=C\\c2ccc3n(C)c4ccc(cc4c3c2)-c2ccc(s2)-c2ccc(-c3ccc(s3)-c3ccc4n(C)c5ccc(\\C=C6/SC(=S)N(C)C6=O)cc5c4c3)c3nsnc23)C1=O,3574,1616.15,0.5876288659793815,659.3100000000019,13.43409999999998,284.7510000000004
CN1C(=O)\\C(=C2\\C(=O)N(C)c3cc(ccc23)-c2sc(c3OCCOc23)-c2ccc(-c3cccs3)c3nsnc23)c2ccc(cc12)-c1sc(c2OCCOc12)-c1ccc(-c2cccs2)c2nsnc12,3554,2005.18,0.6530612244897959,649.0200000000017,12.349999999999982,274.56800000000004
Cc1cc(C=C(C#N)C#N)sc1-c1cc(C)c(s1)-c1cc2n(C)c3cc(sc3c2s1)-c1sc(cc1C)-c1sc(C=C(C#N)C#N)cc1C,1987,660.11,0.43661971830985913,509.57000000000136,12.463299999999979,206.78499999999968
CN1c2ccccc2Oc2cc(\\C=C(/C#N)c3ccc(cc3)-c3ccc(o3)-c3n(C)c(=O)c4c(-c5ccc(o5)-c5ccc(cc5)C(=C\\c5ccc6N(C)c7ccccc7Oc6c5)\\C#N)n(C)c(=O)c34)ccc12,4598,1777.12,0.5535714285714286,683.4400000000018,13.148559999999975,276.67799999999994
Cc1ccc(s1)-c1c2cc(sc2c(-c2ccc(C)s2)c2cc(sc12)-c1ccc(-c2cc3n(C)c4cc(C)sc4c3s2)c2nsnc12)-c1ccc(-c2cc3n(C)c4cc(C)sc4c3s2)c2nsnc12,3332,2168.16,0.62,696.5200000000018,19.019880000000022,305.9460000000004
COC(=O)C(=C\\c1cc(C)c(s1)-c1cc(C)c(s1)-c1cc(C)c(s1)-c1cc2c(OC)c3sc(cc3c(OC)c2s1)-c1sc(cc1C)-c1sc(cc1C)-c1sc(\\C=C(/C#N)C(=O)OC)cc1C)\\C#N,3776,1220.16,0.3888888888888889,724.2800000000017,16.51467999999997,289.82400000000035
Cc1ccc(s1)-c1c2cc(sc2c(-c2ccc(C)s2)c2cc(sc12)-c1ccc(s1)-c1n(C)c(=O)c2c(-c3ccc(s3)-c3ccc(C)cc3)n(C)c(=O)c12)-c1ccc(s1)-c1n(C)c(=O)c2c(-c3ccc(s3)-c3ccc(C)cc3)n(C)c(=O)c12,4948,2574.16,0.546875,838.8000000000011,17.853479999999983,347.6780000000007
COC(=O)C(=C\\c1cc(C)c(s1)-c1cc(C)c(s1)-c1ccc(s1)-c1sc(cc1C)-c1sc(cc1C)-c1ccc(-c2cc(C)c(s2)-c2cc(C)c(s2)-c2ccc(s2)-c2sc(cc2C)-c2sc(\\C=C(/C#N)C(=O)OC)cc2C)c2nsnc12)\\C#N,5976,2030.19,0.4573643410852713,887.9500000000018,21.60362000000004,359.65300000000053
CC(C)c1cc(C(C)C)c(-c2ccc(s2)-c2n(C)c(=O)c3c(-c4ccc(s4)-c4c(cc(cc4C(C)C)C(C)C)C(C)C)n(C)c(=O)c23)c(c1)C(C)C,1796,597.06,0.2777777777777778,598.0400000000027,12.950399999999977,223.42399999999924
c1ccc2cc3cc4cc5ccccc5cc4cc3cc2c1,448,214,0.6111111111111112,219.23999999999984,6.299400000000003,96.46600000000004
CC1(C)\\C(=C/C=C2\\C(=O)c3ccccc3C2=C(C#N)C#N)N2CCCc3cccc1c23,632,295.04,0.4423076923076923,312.6000000000009,5.237960000000005,120.21950000000002
c1ccc2cc3cc4ccccc4cc3cc2c1,298,135,0.6,182.33999999999978,5.146200000000003,78.96000000000002
CN1C(=O)\\C(=C2\\C(=O)N(C)c3cc(ccc23)-c2ccc(s2)-c2ccc(C)s2)c2ccc(cc12)-c1ccc(s1)-c1ccc(C)s1,1716,709.08,0.5428571428571428,455.22000000000145,10.081039999999993,189.2439999999996
CC(C)(C)c1nc(sc1\\C=C\\[C]1N(Cc2ccccc2)c2ccccc2C1(C)C)[C](C#N)C#N,798,247.05,0.3709677419354839,372.1000000000014,6.9535400000000065,138.75499999999988
CN1\\C(=C\\C=C2/C(=O)c3ccccc3C2=C(C#N)C#N)C(C)(C)c2ccccc12,571,212.04,0.4166666666666667,295.2800000000006,4.921560000000004,112.95550000000001
CCc1cc2cc3c(C#C[Si](CC)(CC)CC)c4cc5sc(CC)cc5cc4c(C#C[Si](CC)(CC)CC)c3cc2s1,962,394.04,0.22727272727272727,517.9200000000021,12.345599999999978,199.12599999999946
C[Si](C)(C)C#Cc1c2cc3ccccc3cc2c(C#C[Si](C)(C)C)c2cc3ccccc3cc12,680,322.02,0.34375,392.08000000000135,8.757200000000001,156.91399999999967
